"RIAIL","lig.barcode","index.barcode","lig","index","lib","code","cross","parent1","parent2"
"C22","ACTG","CGTGAT",1,1,1,"Index1-lig1-lib1","C","EEV1402","EEV1401"
"A11","ACTG","TTGACT",1,13,1,"Index13-lig1-lib1","A","N2","EEV1401"
"A36_replicate1","ACTG","CGTGAT",1,1,2,"Index1-lig1-lib2","A","N2","EEV1401"
"E12","ACTG","AAGCTA",1,10,1,"Index10-lig1-lib1","E","BC313","EEV1401"
"C2","ACTG","CGTACG",1,22,2,"Index22-lig1-lib2","C","EEV1402","EEV1401"
"F8","ACTG","CGTACG",1,22,1,"Index22-lig1-lib1","F","BC313","EEV1401"
"H40","ACTG","AAGCTA",1,10,2,"Index10-lig1-lib2","H","EEV1402","EEV1401"
"E13","ACTG","GTAGCC",1,11,1,"Index11-lig1-lib1","E","BC313","EEV1401"
"C24","ACTG","CCACTC",1,23,2,"Index23-lig1-lib2","C","EEV1402","EEV1401"
"F42_replicate1","ACTG","CCACTC",1,23,1,"Index23-lig1-lib1","F","BC313","EEV1401"
"A12","ACTG","GTAGCC",1,11,2,"Index11-lig1-lib2","A","N2","EEV1401"
"E14","ACTG","TACAAG",1,12,1,"Index12-lig1-lib1","E","BC313","EEV1401"
"G20_replicate1","ACTG","GCTACC",1,24,2,"Index24-lig1-lib2","G","EEV1402","EEV1401"
"F14_replicate1","ACTG","GCTACC",1,24,1,"Index24-lig1-lib1","F","BC313","EEV1401"
"A15_replicate1","ACTG","TACAAG",1,12,2,"Index12-lig1-lib2","A","N2","EEV1401"
"C30","ACTG","ACATCG",1,2,1,"Index2-lig1-lib1","C","EEV1402","EEV1401"
"C21","ACTG","GGAACT",1,14,2,"Index14-lig1-lib2","C","EEV1402","EEV1401"
"A3","ACTG","GGAACT",1,14,1,"Index14-lig1-lib1","A","N2","EEV1401"
"A23","ACTG","ACATCG",1,2,2,"Index2-lig1-lib2","A","N2","EEV1401"
"C35","ACTG","GCCTAA",1,3,1,"Index3-lig1-lib1","C","EEV1402","EEV1401"
"E21","ACTG","TGACAT",1,15,2,"Index15-lig1-lib2","E","BC313","EEV1401"
"A6","ACTG","TGACAT",1,15,1,"Index15-lig1-lib1","A","N2","EEV1401"
"A31","ACTG","GCCTAA",1,3,2,"Index3-lig1-lib2","A","N2","EEV1401"
"E1","ACTG","TGGTCA",1,4,1,"Index4-lig1-lib1","E","BC313","EEV1401"
"E37","ACTG","GGACGG",1,16,2,"Index16-lig1-lib2","E","BC313","EEV1401"
"A16","ACTG","GGACGG",1,16,1,"Index16-lig1-lib1","A","N2","EEV1401"
"A32","ACTG","TGGTCA",1,4,2,"Index4-lig1-lib2","A","N2","EEV1401"
"E2","ACTG","CACTGT",1,5,1,"Index5-lig1-lib1","E","BC313","EEV1401"
"G13","ACTG","CTCTAC",1,17,2,"Index17-lig1-lib2","G","EEV1402","EEV1401"
"A24","ACTG","CTCTAC",1,17,1,"Index17-lig1-lib1","A","N2","EEV1401"
"A19_replicate1","ACTG","CACTGT",1,5,2,"Index5-lig1-lib2","A","N2","EEV1401"
"E3","ACTG","ATTGGC",1,6,1,"Index6-lig1-lib1","E","BC313","EEV1401"
"H22","ACTG","GCGGAC",1,18,2,"Index18-lig1-lib2","H","EEV1402","EEV1401"
"B2","ACTG","GCGGAC",1,18,1,"Index18-lig1-lib1","B","N2","EEV1401"
"G5_replicate1","ACTG","ATTGGC",1,6,2,"Index6-lig1-lib2","G","EEV1402","EEV1401"
"E4","ACTG","GATCTG",1,7,1,"Index7-lig1-lib1","E","BC313","EEV1401"
"F35","ACTG","TTTCAC",1,19,2,"Index19-lig1-lib2","F","BC313","EEV1401"
"B12","ACTG","TTTCAC",1,19,1,"Index19-lig1-lib1","B","N2","EEV1401"
"G15_replicate1","ACTG","GATCTG",1,7,2,"Index7-lig1-lib2","G","EEV1402","EEV1401"
"E10","ACTG","TCAAGT",1,8,1,"Index8-lig1-lib1","E","BC313","EEV1401"
"B5","ACTG","GGCCAC",1,20,2,"Index20-lig1-lib2","B","N2","EEV1401"
"E8","ACTG","GGCCAC",1,20,1,"Index20-lig1-lib1","E","BC313","EEV1401"
"B7","ACTG","TCAAGT",1,8,2,"Index8-lig1-lib2","B","N2","EEV1401"
"E11","ACTG","CTGATC",1,9,1,"Index9-lig1-lib1","E","BC313","EEV1401"
"B31","ACTG","CGAAAC",1,21,2,"Index21-lig1-lib2","B","N2","EEV1401"
"F1","ACTG","CGAAAC",1,21,1,"Index21-lig1-lib1","F","BC313","EEV1401"
"B27","ACTG","CTGATC",1,9,2,"Index9-lig1-lib2","B","N2","EEV1401"
"E17","TGAC","CGTGAT",2,1,1,"Index1-lig2-lib1","E","BC313","EEV1401"
"H43b","TGAC","TTGACT",2,13,2,"Index13-lig2-lib2","H","EEV1402","EEV1401"
"F17","TGAC","TTGACT",2,13,1,"Index13-lig2-lib1","F","BC313","EEV1401"
"B3_replicate1","TGAC","CGTGAT",2,1,2,"Index1-lig2-lib2","B","N2","EEV1401"
"E30","TGAC","AAGCTA",2,10,1,"Index10-lig2-lib1","E","BC313","EEV1401"
"C1","TGAC","CGTACG",2,22,2,"Index22-lig2-lib2","C","EEV1402","EEV1401"
"F12","TGAC","CGTACG",2,22,1,"Index22-lig2-lib1","F","BC313","EEV1401"
"F31_replicate1","TGAC","AAGCTA",2,10,2,"Index10-lig2-lib2","F","BC313","EEV1401"
"E31","TGAC","GTAGCC",2,11,1,"Index11-lig2-lib1","E","BC313","EEV1401"
"C23","TGAC","CCACTC",2,23,2,"Index23-lig2-lib2","C","EEV1402","EEV1401"
"B19_replicate1","TGAC","CCACTC",2,23,1,"Index23-lig2-lib1","B","N2","EEV1401"
"F15","TGAC","GTAGCC",2,11,2,"Index11-lig2-lib2","F","BC313","EEV1401"
"E33","TGAC","TACAAG",2,12,1,"Index12-lig2-lib1","E","BC313","EEV1401"
"G1_replicate1","TGAC","GCTACC",2,24,2,"Index24-lig2-lib2","G","EEV1402","EEV1401"
"F16_replicate1","TGAC","GCTACC",2,24,1,"Index24-lig2-lib1","F","BC313","EEV1401"
"F42_replicate2","TGAC","TACAAG",2,12,2,"Index12-lig2-lib2","F","BC313","EEV1401"
"E19","TGAC","ACATCG",2,2,1,"Index2-lig2-lib1","E","BC313","EEV1401"
"C16","TGAC","GGAACT",2,14,2,"Index14-lig2-lib2","C","EEV1402","EEV1401"
"F21_replicate1","TGAC","GGAACT",2,14,1,"Index14-lig2-lib1","F","BC313","EEV1401"
"B32","TGAC","ACATCG",2,2,2,"Index2-lig2-lib2","B","N2","EEV1401"
"E20","TGAC","GCCTAA",2,3,1,"Index3-lig2-lib1","E","BC313","EEV1401"
"E44","TGAC","TGACAT",2,15,2,"Index15-lig2-lib2","E","BC313","EEV1401"
"F34","TGAC","TGACAT",2,15,1,"Index15-lig2-lib1","F","BC313","EEV1401"
"C32","TGAC","GCCTAA",2,3,2,"Index3-lig2-lib2","C","EEV1402","EEV1401"
"E22","TGAC","TGGTCA",2,4,1,"Index4-lig2-lib1","E","BC313","EEV1401"
"E36","TGAC","GGACGG",2,16,2,"Index16-lig2-lib2","E","BC313","EEV1401"
"G15_replicate2","TGAC","GGACGG",2,16,1,"Index16-lig2-lib1","G","EEV1402","EEV1401"
"C43","TGAC","TGGTCA",2,4,2,"Index4-lig2-lib2","C","EEV1402","EEV1401"
"E23","TGAC","CACTGT",2,5,1,"Index5-lig2-lib1","E","BC313","EEV1401"
"G5_replicate2","TGAC","CTCTAC",2,17,2,"Index17-lig2-lib2","G","EEV1402","EEV1401"
"F39","TGAC","CTCTAC",2,17,1,"Index17-lig2-lib1","F","BC313","EEV1401"
"D28","TGAC","CACTGT",2,5,2,"Index5-lig2-lib2","D","EEV1402","EEV1401"
"E24","TGAC","ATTGGC",2,6,1,"Index6-lig2-lib1","E","BC313","EEV1401"
"H19","TGAC","GCGGAC",2,18,2,"Index18-lig2-lib2","H","EEV1402","EEV1401"
"D23_replicate1","TGAC","GCGGAC",2,18,1,"Index18-lig2-lib1","D","EEV1402","EEV1401"
"D44","TGAC","ATTGGC",2,6,2,"Index6-lig2-lib2","D","EEV1402","EEV1401"
"E25","TGAC","GATCTG",2,7,1,"Index7-lig2-lib1","E","BC313","EEV1401"
"A21","TGAC","TTTCAC",2,19,2,"Index19-lig2-lib2","A","N2","EEV1401"
"F18","TGAC","TTTCAC",2,19,1,"Index19-lig2-lib1","F","BC313","EEV1401"
"E6","TGAC","GATCTG",2,7,2,"Index7-lig2-lib2","E","BC313","EEV1401"
"E28","TGAC","TCAAGT",2,8,1,"Index8-lig2-lib1","E","BC313","EEV1401"
"B4","TGAC","GGCCAC",2,20,2,"Index20-lig2-lib2","B","N2","EEV1401"
"B3_replicate2","TGAC","GGCCAC",2,20,1,"Index20-lig2-lib1","B","N2","EEV1401"
"F3_replicate1","TGAC","TCAAGT",2,8,2,"Index8-lig2-lib2","F","BC313","EEV1401"
"E29","TGAC","CTGATC",2,9,1,"Index9-lig2-lib1","E","BC313","EEV1401"
"B29","TGAC","CGAAAC",2,21,2,"Index21-lig2-lib2","B","N2","EEV1401"
"B16_replicate1","TGAC","CGAAAC",2,21,1,"Index21-lig2-lib1","B","N2","EEV1401"
"F21_replicate2","TGAC","CTGATC",2,9,2,"Index9-lig2-lib2","F","BC313","EEV1401"
"E38","GTCA","CGTGAT",3,1,1,"Index1-lig3-lib1","E","BC313","EEV1401"
"H29b","GTCA","TTGACT",3,13,2,"Index13-lig3-lib2","H","EEV1402","EEV1401"
"F19","GTCA","TTGACT",3,13,1,"Index13-lig3-lib1","F","BC313","EEV1401"
"F14_replicate2","GTCA","CGTGAT",3,1,2,"Index1-lig3-lib2","F","BC313","EEV1401"
"G7","GTCA","AAGCTA",3,10,1,"Index10-lig3-lib1","G","EEV1402","EEV1401"
"B42","GTCA","CGTACG",3,22,2,"Index22-lig3-lib2","B","N2","EEV1401"
"H2","GTCA","CGTACG",3,22,1,"Index22-lig3-lib1","H","EEV1402","EEV1401"
"N2_replicate1","GTCA","AAGCTA",3,10,2,"Index10-lig3-lib2","parents","N2","N2"
"G8","GTCA","GTAGCC",3,11,1,"Index11-lig3-lib1","G","EEV1402","EEV1401"
"C18","GTCA","CCACTC",3,23,2,"Index23-lig3-lib2","C","EEV1402","EEV1401"
"D1","GTCA","CCACTC",3,23,1,"Index23-lig3-lib1","D","EEV1402","EEV1401"
"N2_replicate2","GTCA","GTAGCC",3,11,2,"Index11-lig3-lib2","parents","N2","N2"
"G9","GTCA","TACAAG",3,12,1,"Index12-lig3-lib1","G","EEV1402","EEV1401"
"D2","GTCA","GCTACC",3,24,1,"Index24-lig3-lib1","D","EEV1402","EEV1401"
"N2_replicate3","GTCA","TACAAG",3,12,2,"Index12-lig3-lib2","parents","N2","N2"
"E42","GTCA","ACATCG",3,2,1,"Index2-lig3-lib1","E","BC313","EEV1401"
"C8","GTCA","GGAACT",3,14,2,"Index14-lig3-lib2","C","EEV1402","EEV1401"
"F20","GTCA","GGAACT",3,14,1,"Index14-lig3-lib1","F","BC313","EEV1401"
"F16_replicate2","GTCA","ACATCG",3,2,2,"Index2-lig3-lib2","F","BC313","EEV1401"
"E46","GTCA","GCCTAA",3,3,1,"Index3-lig3-lib1","E","BC313","EEV1401"
"E18","GTCA","TGACAT",3,15,2,"Index15-lig3-lib2","E","BC313","EEV1401"
"F22","GTCA","TGACAT",3,15,1,"Index15-lig3-lib1","F","BC313","EEV1401"
"EEV1404_replicate1","GTCA","GCCTAA",3,3,2,"Index3-lig3-lib2","parents","EEV1404","EEV1404"
"E47","GTCA","TGGTCA",3,4,1,"Index4-lig3-lib1","E","BC313","EEV1401"
"E34","GTCA","GGACGG",3,16,2,"Index16-lig3-lib2","E","BC313","EEV1401"
"F30","GTCA","GGACGG",3,16,1,"Index16-lig3-lib1","F","BC313","EEV1401"
"EEV1404_replicate2","GTCA","TGGTCA",3,4,2,"Index4-lig3-lib2","parents","EEV1404","EEV1404"
"E48","GTCA","CACTGT",3,5,1,"Index5-lig3-lib1","E","BC313","EEV1401"
"E49","GTCA","CTCTAC",3,17,2,"Index17-lig3-lib2","E","BC313","EEV1401"
"F31_replicate2","GTCA","CTCTAC",3,17,1,"Index17-lig3-lib1","F","BC313","EEV1401"
"EEV1402_replicate1","GTCA","CACTGT",3,5,2,"Index5-lig3-lib2","parents","EEV1402","EEV1402"
"E50","GTCA","ATTGGC",3,6,1,"Index6-lig3-lib1","E","BC313","EEV1401"
"H15","GTCA","GCGGAC",3,18,2,"Index18-lig3-lib2","H","EEV1402","EEV1401"
"F45","GTCA","GCGGAC",3,18,1,"Index18-lig3-lib1","F","BC313","EEV1401"
"EEV1402_replicate2","GTCA","ATTGGC",3,6,2,"Index6-lig3-lib2","parents","EEV1402","EEV1402"
"G3_replicate1","GTCA","GATCTG",3,7,1,"Index7-lig3-lib1","G","EEV1402","EEV1401"
"F13","GTCA","TTTCAC",3,19,2,"Index19-lig3-lib2","F","BC313","EEV1401"
"F46","GTCA","TTTCAC",3,19,1,"Index19-lig3-lib1","F","BC313","EEV1401"
"EEV1402_replicate3","GTCA","GATCTG",3,7,2,"Index7-lig3-lib2","parents","EEV1402","EEV1402"
"G4","GTCA","TCAAGT",3,8,1,"Index8-lig3-lib1","G","EEV1402","EEV1401"
"A46","GTCA","GGCCAC",3,20,2,"Index20-lig3-lib2","A","N2","EEV1401"
"F47","GTCA","GGCCAC",3,20,1,"Index20-lig3-lib1","F","BC313","EEV1401"
"BC313_replicate1","GTCA","TCAAGT",3,8,2,"Index8-lig3-lib2","parents","BC313","BC313"
"G6_replicate1","GTCA","CTGATC",3,9,1,"Index9-lig3-lib1","G","EEV1402","EEV1401"
"B18","GTCA","CGAAAC",3,21,2,"Index21-lig3-lib2","B","N2","EEV1401"
"F48","GTCA","CGAAAC",3,21,1,"Index21-lig3-lib1","F","BC313","EEV1401"
"BC313_replicate2","GTCA","CTGATC",3,9,2,"Index9-lig3-lib2","parents","BC313","BC313"
"G10","CAGT","CGTGAT",4,1,1,"Index1-lig4-lib1","G","EEV1402","EEV1401"
"H28b","CAGT","TTGACT",4,13,2,"Index13-lig4-lib2","H","EEV1402","EEV1401"
"D4","CAGT","TTGACT",4,13,1,"Index13-lig4-lib1","D","EEV1402","EEV1401"
"EEV1403_replicate1","CAGT","CGTGAT",4,1,2,"Index1-lig4-lib2","parents","EEV1403","EEV1403"
"G24","CAGT","AAGCTA",4,10,1,"Index10-lig4-lib1","G","EEV1402","EEV1401"
"B40","CAGT","CGTACG",4,22,2,"Index22-lig4-lib2","B","N2","EEV1401"
"D20","CAGT","CGTACG",4,22,1,"Index22-lig4-lib1","D","EEV1402","EEV1401"
"G11","CAGT","AAGCTA",4,10,2,"Index10-lig4-lib2","G","EEV1402","EEV1401"
"G25","CAGT","GTAGCC",4,11,1,"Index11-lig4-lib1","G","EEV1402","EEV1401"
"C17","CAGT","CCACTC",4,23,2,"Index23-lig4-lib2","C","EEV1402","EEV1401"
"D22","CAGT","CCACTC",4,23,1,"Index23-lig4-lib1","D","EEV1402","EEV1401"
"B16_replicate2","CAGT","GTAGCC",4,11,2,"Index11-lig4-lib2","B","N2","EEV1401"
"G26","CAGT","TACAAG",4,12,1,"Index12-lig4-lib1","G","EEV1402","EEV1401"
"A25","CAGT","GCTACC",4,24,2,"Index24-lig4-lib2","A","N2","EEV1401"
"D24","CAGT","GCTACC",4,24,1,"Index24-lig4-lib1","D","EEV1402","EEV1401"
"B30","CAGT","TACAAG",4,12,2,"Index12-lig4-lib2","B","N2","EEV1401"
"G12","CAGT","ACATCG",4,2,1,"Index2-lig4-lib1","G","EEV1402","EEV1401"
"B36","CAGT","GGAACT",4,14,2,"Index14-lig4-lib2","B","N2","EEV1401"
"D6","CAGT","GGAACT",4,14,1,"Index14-lig4-lib1","D","EEV1402","EEV1401"
"EEV1403_replicate2","CAGT","ACATCG",4,2,2,"Index2-lig4-lib2","parents","EEV1403","EEV1403"
"D16","CAGT","TGACAT",4,15,2,"Index15-lig4-lib2","D","EEV1402","EEV1401"
"D8","CAGT","TGACAT",4,15,1,"Index15-lig4-lib1","D","EEV1402","EEV1401"
"EEV1401_replicate1","CAGT","GCCTAA",4,3,2,"Index3-lig4-lib2","parents","EEV1401","EEV1401"
"G16","CAGT","TGGTCA",4,4,1,"Index4-lig4-lib1","G","EEV1402","EEV1401"
"E32","CAGT","GGACGG",4,16,2,"Index16-lig4-lib2","E","BC313","EEV1401"
"D9","CAGT","GGACGG",4,16,1,"Index16-lig4-lib1","D","EEV1402","EEV1401"
"EEV1401_replicate2","CAGT","TGGTCA",4,4,2,"Index4-lig4-lib2","parents","EEV1401","EEV1401"
"E45","CAGT","CTCTAC",4,17,2,"Index17-lig4-lib2","E","BC313","EEV1401"
"D10","CAGT","CTCTAC",4,17,1,"Index17-lig4-lib1","D","EEV1402","EEV1401"
"EEV1401_replicate3","CAGT","CACTGT",4,5,2,"Index5-lig4-lib2","parents","EEV1401","EEV1401"
"G19","CAGT","ATTGGC",4,6,1,"Index6-lig4-lib1","G","EEV1402","EEV1401"
"H14","CAGT","GCGGAC",4,18,2,"Index18-lig4-lib2","H","EEV1402","EEV1401"
"D11","CAGT","GCGGAC",4,18,1,"Index18-lig4-lib1","D","EEV1402","EEV1401"
"A5","CAGT","ATTGGC",4,6,2,"Index6-lig4-lib2","A","N2","EEV1401"
"G21","CAGT","GATCTG",4,7,1,"Index7-lig4-lib1","G","EEV1402","EEV1401"
"A4","CAGT","TTTCAC",4,19,2,"Index19-lig4-lib2","A","N2","EEV1401"
"D13","CAGT","TTTCAC",4,19,1,"Index19-lig4-lib1","D","EEV1402","EEV1401"
"A42_replicate1","CAGT","GATCTG",4,7,2,"Index7-lig4-lib2","A","N2","EEV1401"
"G22","CAGT","TCAAGT",4,8,1,"Index8-lig4-lib1","G","EEV1402","EEV1401"
"A45","CAGT","GGCCAC",4,20,2,"Index20-lig4-lib2","A","N2","EEV1401"
"D17","CAGT","GGCCAC",4,20,1,"Index20-lig4-lib1","D","EEV1402","EEV1401"
"G3_replicate2","CAGT","TCAAGT",4,8,2,"Index8-lig4-lib2","G","EEV1402","EEV1401"
"G23","CAGT","CTGATC",4,9,1,"Index9-lig4-lib1","G","EEV1402","EEV1401"
"B17","CAGT","CGAAAC",4,21,2,"Index21-lig4-lib2","B","N2","EEV1401"
"D19","CAGT","CGAAAC",4,21,1,"Index21-lig4-lib1","D","EEV1402","EEV1401"
"G1_replicate2","CAGT","CTGATC",4,9,2,"Index9-lig4-lib2","G","EEV1402","EEV1401"
"G27","ATGC","CGTGAT",5,1,1,"Index1-lig5-lib1","G","EEV1402","EEV1401"
"H26b","ATGC","TTGACT",5,13,2,"Index13-lig5-lib2","H","EEV1402","EEV1401"
"D27","ATGC","TTGACT",5,13,1,"Index13-lig5-lib1","D","EEV1402","EEV1401"
"B25","ATGC","CGTGAT",5,1,2,"Index1-lig5-lib2","B","N2","EEV1401"
"G43","ATGC","AAGCTA",5,10,1,"Index10-lig5-lib1","G","EEV1402","EEV1401"
"B39","ATGC","CGTACG",5,22,2,"Index22-lig5-lib2","B","N2","EEV1401"
"D42","ATGC","CGTACG",5,22,1,"Index22-lig5-lib1","D","EEV1402","EEV1401"
"D26","ATGC","AAGCTA",5,10,2,"Index10-lig5-lib2","D","EEV1402","EEV1401"
"G45","ATGC","GTAGCC",5,11,1,"Index11-lig5-lib1","G","EEV1402","EEV1401"
"C15","ATGC","CCACTC",5,23,2,"Index23-lig5-lib2","C","EEV1402","EEV1401"
"A44","ATGC","CCACTC",5,23,1,"Index23-lig5-lib1","A","N2","EEV1401"
"D31","ATGC","GTAGCC",5,11,2,"Index11-lig5-lib2","D","EEV1402","EEV1401"
"G46","ATGC","TACAAG",5,12,1,"Index12-lig5-lib1","G","EEV1402","EEV1401"
"A17","ATGC","GCTACC",5,24,2,"Index24-lig5-lib2","A","N2","EEV1401"
"H24","ATGC","GCTACC",5,24,1,"Index24-lig5-lib1","H","EEV1402","EEV1401"
"D45","ATGC","TACAAG",5,12,2,"Index12-lig5-lib2","D","EEV1402","EEV1401"
"G28","ATGC","ACATCG",5,2,1,"Index2-lig5-lib1","G","EEV1402","EEV1401"
"B20","ATGC","GGAACT",5,14,2,"Index14-lig5-lib2","B","N2","EEV1401"
"D29","ATGC","GGAACT",5,14,1,"Index14-lig5-lib1","D","EEV1402","EEV1401"
"B21","ATGC","ACATCG",5,2,2,"Index2-lig5-lib2","B","N2","EEV1401"
"G30","ATGC","GCCTAA",5,3,1,"Index3-lig5-lib1","G","EEV1402","EEV1401"
"C44","ATGC","TGACAT",5,15,2,"Index15-lig5-lib2","C","EEV1402","EEV1401"
"D32","ATGC","TGACAT",5,15,1,"Index15-lig5-lib1","D","EEV1402","EEV1401"
"B28","ATGC","GCCTAA",5,3,2,"Index3-lig5-lib2","B","N2","EEV1401"
"G32","ATGC","TGGTCA",5,4,1,"Index4-lig5-lib1","G","EEV1402","EEV1401"
"E27","ATGC","GGACGG",5,16,2,"Index16-lig5-lib2","E","BC313","EEV1401"
"D33","ATGC","GGACGG",5,16,1,"Index16-lig5-lib1","D","EEV1402","EEV1401"
"B26_replicate1","ATGC","TGGTCA",5,4,2,"Index4-lig5-lib2","B","N2","EEV1401"
"G34","ATGC","CACTGT",5,5,1,"Index5-lig5-lib1","G","EEV1402","EEV1401"
"E15","ATGC","CTCTAC",5,17,2,"Index17-lig5-lib2","E","BC313","EEV1401"
"D34","ATGC","CTCTAC",5,17,1,"Index17-lig5-lib1","D","EEV1402","EEV1401"
"B35","ATGC","CACTGT",5,5,2,"Index5-lig5-lib2","B","N2","EEV1401"
"G36","ATGC","ATTGGC",5,6,1,"Index6-lig5-lib1","G","EEV1402","EEV1401"
"D35","ATGC","GCGGAC",5,18,1,"Index18-lig5-lib1","D","EEV1402","EEV1401"
"B19_replicate2","ATGC","ATTGGC",5,6,2,"Index6-lig5-lib2","B","N2","EEV1401"
"G39","ATGC","GATCTG",5,7,1,"Index7-lig5-lib1","G","EEV1402","EEV1401"
"A1","ATGC","TTTCAC",5,19,2,"Index19-lig5-lib2","A","N2","EEV1401"
"D38","ATGC","TTTCAC",5,19,1,"Index19-lig5-lib1","D","EEV1402","EEV1401"
"B26_replicate2","ATGC","GATCTG",5,7,2,"Index7-lig5-lib2","B","N2","EEV1401"
"G40","ATGC","TCAAGT",5,8,1,"Index8-lig5-lib1","G","EEV1402","EEV1401"
"F44","ATGC","GGCCAC",5,20,2,"Index20-lig5-lib2","F","BC313","EEV1401"
"D39","ATGC","GGCCAC",5,20,1,"Index20-lig5-lib1","D","EEV1402","EEV1401"
"D3","ATGC","TCAAGT",5,8,2,"Index8-lig5-lib2","D","EEV1402","EEV1401"
"G41","ATGC","CTGATC",5,9,1,"Index9-lig5-lib1","G","EEV1402","EEV1401"
"B15","ATGC","CGAAAC",5,21,2,"Index21-lig5-lib2","B","N2","EEV1401"
"D40","ATGC","CGAAAC",5,21,1,"Index21-lig5-lib1","D","EEV1402","EEV1401"
"D23_replicate2","ATGC","CTGATC",5,9,2,"Index9-lig5-lib2","D","EEV1402","EEV1401"
"G47","TACG","CGTGAT",6,1,1,"Index1-lig6-lib1","G","EEV1402","EEV1401"
"H4b","TACG","TTGACT",6,13,2,"Index13-lig6-lib2","H","EEV1402","EEV1401"
"H17b","TACG","TTGACT",6,13,1,"Index13-lig6-lib1","H","EEV1402","EEV1401"
"D15","TACG","CGTGAT",6,1,2,"Index1-lig6-lib2","D","EEV1402","EEV1401"
"H7","TACG","AAGCTA",6,10,1,"Index10-lig6-lib1","H","EEV1402","EEV1401"
"B37","TACG","CGTACG",6,22,2,"Index22-lig6-lib2","B","N2","EEV1401"
"A2","TACG","CGTACG",6,22,1,"Index22-lig6-lib1","A","N2","EEV1401"
"F3_replicate2","TACG","AAGCTA",6,10,2,"Index10-lig6-lib2","F","BC313","EEV1401"
"H8","TACG","GTAGCC",6,11,1,"Index11-lig6-lib1","H","EEV1402","EEV1401"
"C10","TACG","CCACTC",6,23,2,"Index23-lig6-lib2","C","EEV1402","EEV1401"
"A9","TACG","CCACTC",6,23,1,"Index23-lig6-lib1","A","N2","EEV1401"
"H3_replicate1","TACG","GTAGCC",6,11,2,"Index11-lig6-lib2","H","EEV1402","EEV1401"
"H9","TACG","TACAAG",6,12,1,"Index12-lig6-lib1","H","EEV1402","EEV1401"
"H6","TACG","GCTACC",6,24,2,"Index24-lig6-lib2","H","EEV1402","EEV1401"
"A10","TACG","GCTACC",6,24,1,"Index24-lig6-lib1","A","N2","EEV1401"
"C20","TACG","TACAAG",6,12,2,"Index12-lig6-lib2","C","EEV1402","EEV1401"
"G48","TACG","ACATCG",6,2,1,"Index2-lig6-lib1","G","EEV1402","EEV1401"
"B11","TACG","GGAACT",6,14,2,"Index14-lig6-lib2","B","N2","EEV1401"
"C27","TACG","GGAACT",6,14,1,"Index14-lig6-lib1","C","EEV1402","EEV1401"
"D37","TACG","ACATCG",6,2,2,"Index2-lig6-lib2","D","EEV1402","EEV1401"
"G49","TACG","GCCTAA",6,3,1,"Index3-lig6-lib1","G","EEV1402","EEV1401"
"C42","TACG","TGACAT",6,15,2,"Index15-lig6-lib2","C","EEV1402","EEV1401"
"C33","TACG","TGACAT",6,15,1,"Index15-lig6-lib1","C","EEV1402","EEV1401"
"D18","TACG","GCCTAA",6,3,2,"Index3-lig6-lib2","D","EEV1402","EEV1401"
"G7b","TACG","TGGTCA",6,4,1,"Index4-lig6-lib1","G","EEV1402","EEV1401"
"E26","TACG","GGACGG",6,16,2,"Index16-lig6-lib2","E","BC313","EEV1401"
"C36","TACG","GGACGG",6,16,1,"Index16-lig6-lib1","C","EEV1402","EEV1401"
"D41","TACG","TGGTCA",6,4,2,"Index4-lig6-lib2","D","EEV1402","EEV1401"
"G12b","TACG","CACTGT",6,5,1,"Index5-lig6-lib1","G","EEV1402","EEV1401"
"E43","TACG","CTCTAC",6,17,2,"Index17-lig6-lib2","E","BC313","EEV1401"
"C37","TACG","CTCTAC",6,17,1,"Index17-lig6-lib1","C","EEV1402","EEV1401"
"D36","TACG","CACTGT",6,5,2,"Index5-lig6-lib2","D","EEV1402","EEV1401"
"G14b","TACG","ATTGGC",6,6,1,"Index6-lig6-lib1","G","EEV1402","EEV1401"
"G44","TACG","GCGGAC",6,18,2,"Index18-lig6-lib2","G","EEV1402","EEV1401"
"C38","TACG","GCGGAC",6,18,1,"Index18-lig6-lib1","C","EEV1402","EEV1401"
"D30","TACG","ATTGGC",6,6,2,"Index6-lig6-lib2","D","EEV1402","EEV1401"
"G21b","TACG","GATCTG",6,7,1,"Index7-lig6-lib1","G","EEV1402","EEV1401"
"H25b","TACG","TTTCAC",6,19,2,"Index19-lig6-lib2","H","EEV1402","EEV1401"
"C39","TACG","TTTCAC",6,19,1,"Index19-lig6-lib1","C","EEV1402","EEV1401"
"E7","TACG","GATCTG",6,7,2,"Index7-lig6-lib2","E","BC313","EEV1401"
"G32b","TACG","TCAAGT",6,8,1,"Index8-lig6-lib1","G","EEV1402","EEV1401"
"F43","TACG","GGCCAC",6,20,2,"Index20-lig6-lib2","F","BC313","EEV1401"
"C40","TACG","GGCCAC",6,20,1,"Index20-lig6-lib1","C","EEV1402","EEV1401"
"E16","TACG","TCAAGT",6,8,2,"Index8-lig6-lib2","E","BC313","EEV1401"
"G42b","TACG","CTGATC",6,9,1,"Index9-lig6-lib1","G","EEV1402","EEV1401"
"B14","TACG","CGAAAC",6,21,2,"Index21-lig6-lib2","B","N2","EEV1401"
"C41","TACG","CGAAAC",6,21,1,"Index21-lig6-lib1","C","EEV1402","EEV1401"
"F6","TACG","CTGATC",6,9,2,"Index9-lig6-lib2","F","BC313","EEV1401"
"H10","GCAT","CGTGAT",7,1,1,"Index1-lig7-lib1","H","EEV1402","EEV1401"
"H44","GCAT","TTGACT",7,13,2,"Index13-lig7-lib2","H","EEV1402","EEV1401"
"A14","GCAT","TTGACT",7,13,1,"Index13-lig7-lib1","A","N2","EEV1401"
"C25","GCAT","CGTGAT",7,1,2,"Index1-lig7-lib2","C","EEV1402","EEV1401"
"H23","GCAT","AAGCTA",7,10,1,"Index10-lig7-lib1","H","EEV1402","EEV1401"
"B34","GCAT","CGTACG",7,22,2,"Index22-lig7-lib2","B","N2","EEV1401"
"A42_replicate2","GCAT","CGTACG",7,22,1,"Index22-lig7-lib1","A","N2","EEV1401"
"EEV1404_replicate3","GCAT","AAGCTA",7,10,2,"Index10-lig7-lib2","parents","EEV1404","EEV1404"
"H25","GCAT","GTAGCC",7,11,1,"Index11-lig7-lib1","H","EEV1402","EEV1401"
"C9","GCAT","CCACTC",7,23,2,"Index23-lig7-lib2","C","EEV1402","EEV1401"
"A19_replicate2","GCAT","CCACTC",7,23,1,"Index23-lig7-lib1","A","N2","EEV1401"
"EEV1404_replicate4","GCAT","GTAGCC",7,11,2,"Index11-lig7-lib2","parents","EEV1404","EEV1404"
"H26","GCAT","TACAAG",7,12,1,"Index12-lig7-lib1","H","EEV1402","EEV1401"
"F4","GCAT","GCTACC",7,24,1,"Index24-lig7-lib1","F","BC313","EEV1401"
"EEV1404_replicate5","GCAT","TACAAG",7,12,2,"Index12-lig7-lib2","parents","EEV1404","EEV1404"
"H11","GCAT","ACATCG",7,2,1,"Index2-lig7-lib1","H","EEV1402","EEV1401"
"B9","GCAT","GGAACT",7,14,2,"Index14-lig7-lib2","B","N2","EEV1401"
"A15_replicate2","GCAT","GGAACT",7,14,1,"Index14-lig7-lib1","A","N2","EEV1401"
"C3","GCAT","ACATCG",7,2,2,"Index2-lig7-lib2","C","EEV1402","EEV1401"
"H12","GCAT","GCCTAA",7,3,1,"Index3-lig7-lib1","H","EEV1402","EEV1401"
"C26","GCAT","TGACAT",7,15,2,"Index15-lig7-lib2","C","EEV1402","EEV1401"
"A30","GCAT","TGACAT",7,15,1,"Index15-lig7-lib1","A","N2","EEV1401"
"C4","GCAT","GCCTAA",7,3,2,"Index3-lig7-lib2","C","EEV1402","EEV1401"
"H13","GCAT","TGGTCA",7,4,1,"Index4-lig7-lib1","H","EEV1402","EEV1401"
"E9","GCAT","GGACGG",7,16,2,"Index16-lig7-lib2","E","BC313","EEV1401"
"B1","GCAT","GGACGG",7,16,1,"Index16-lig7-lib1","B","N2","EEV1401"
"C6","GCAT","TGGTCA",7,4,2,"Index4-lig7-lib2","C","EEV1402","EEV1401"
"H16","GCAT","CACTGT",7,5,1,"Index5-lig7-lib1","H","EEV1402","EEV1401"
"E40","GCAT","CTCTAC",7,17,2,"Index17-lig7-lib2","E","BC313","EEV1401"
"F2","GCAT","CTCTAC",7,17,1,"Index17-lig7-lib1","F","BC313","EEV1401"
"C13","GCAT","CACTGT",7,5,2,"Index5-lig7-lib2","C","EEV1402","EEV1401"
"H17","GCAT","ATTGGC",7,6,1,"Index6-lig7-lib1","H","EEV1402","EEV1401"
"G20_replicate2","GCAT","GCGGAC",7,18,2,"Index18-lig7-lib2","G","EEV1402","EEV1401"
"F25","GCAT","GCGGAC",7,18,1,"Index18-lig7-lib1","F","BC313","EEV1401"
"D7","GCAT","ATTGGC",7,6,2,"Index6-lig7-lib2","D","EEV1402","EEV1401"
"H18","GCAT","GATCTG",7,7,1,"Index7-lig7-lib1","H","EEV1402","EEV1401"
"H41","GCAT","TTTCAC",7,19,2,"Index19-lig7-lib2","H","EEV1402","EEV1401"
"C5","GCAT","TTTCAC",7,19,1,"Index19-lig7-lib1","C","EEV1402","EEV1401"
"D12","GCAT","GATCTG",7,7,2,"Index7-lig7-lib2","D","EEV1402","EEV1401"
"H20","GCAT","TCAAGT",7,8,1,"Index8-lig7-lib1","H","EEV1402","EEV1401"
"F38","GCAT","GGCCAC",7,20,2,"Index20-lig7-lib2","F","BC313","EEV1401"
"C12","GCAT","GGCCAC",7,20,1,"Index20-lig7-lib1","C","EEV1402","EEV1401"
"G2","GCAT","TCAAGT",7,8,2,"Index8-lig7-lib2","G","EEV1402","EEV1401"
"H21","GCAT","CTGATC",7,9,1,"Index9-lig7-lib1","H","EEV1402","EEV1401"
"B13","GCAT","CGAAAC",7,21,2,"Index21-lig7-lib2","B","N2","EEV1401"
"A36_replicate2","GCAT","CGAAAC",7,21,1,"Index21-lig7-lib1","A","N2","EEV1401"
"G6_replicate2","GCAT","CTGATC",7,9,2,"Index9-lig7-lib2","G","EEV1402","EEV1401"
"H27","CGTA","CGTGAT",8,1,1,"Index1-lig8-lib1","H","EEV1402","EEV1401"
"H43","CGTA","TTGACT",8,13,2,"Index13-lig8-lib2","H","EEV1402","EEV1401"
"F5","CGTA","TTGACT",8,13,1,"Index13-lig8-lib1","F","BC313","EEV1401"
"EEV1402_replicate4","CGTA","CGTGAT",8,1,2,"Index1-lig8-lib2","parents","EEV1402","EEV1402"
"H37","CGTA","AAGCTA",8,10,1,"Index10-lig8-lib1","H","EEV1402","EEV1401"
"B33","CGTA","CGTACG",8,22,2,"Index22-lig8-lib2","B","N2","EEV1401"
"F36","CGTA","CGTACG",8,22,1,"Index22-lig8-lib1","F","BC313","EEV1401"
"EEV1403_replicate3","CGTA","AAGCTA",8,10,2,"Index10-lig8-lib2","parents","EEV1403","EEV1403"
"H39","CGTA","GTAGCC",8,11,1,"Index11-lig8-lib1","H","EEV1402","EEV1401"
"C7","CGTA","CCACTC",8,23,2,"Index23-lig8-lib2","C","EEV1402","EEV1401"
"F37","CGTA","CCACTC",8,23,1,"Index23-lig8-lib1","F","BC313","EEV1401"
"EEV1401_replicate4","CGTA","GTAGCC",8,11,2,"Index11-lig8-lib2","parents","EEV1401","EEV1401"
"H42","CGTA","TACAAG",8,12,1,"Index12-lig8-lib1","H","EEV1402","EEV1401"
"H3_replicate2","CGTA","GCTACC",8,24,2,"Index24-lig8-lib2","H","EEV1402","EEV1401"
"F41","CGTA","GCTACC",8,24,1,"Index24-lig8-lib1","F","BC313","EEV1401"
"EEV1401_replicate5","CGTA","TACAAG",8,12,2,"Index12-lig8-lib2","parents","EEV1401","EEV1401"
"H28","CGTA","ACATCG",8,2,1,"Index2-lig8-lib1","H","EEV1402","EEV1401"
"A34","CGTA","GGAACT",8,14,2,"Index14-lig8-lib2","A","N2","EEV1401"
"EEV1402_replicate5","CGTA","ACATCG",8,2,2,"Index2-lig8-lib2","parents","EEV1402","EEV1402"
"H29","CGTA","GCCTAA",8,3,1,"Index3-lig8-lib1","H","EEV1402","EEV1401"
"C29","CGTA","TGACAT",8,15,2,"Index15-lig8-lib2","C","EEV1402","EEV1401"
"F9","CGTA","TGACAT",8,15,1,"Index15-lig8-lib1","F","BC313","EEV1401"
"BC313_replicate3","CGTA","GCCTAA",8,3,2,"Index3-lig8-lib2","parents","BC313","BC313"
"H31","CGTA","TGGTCA",8,4,1,"Index4-lig8-lib1","H","EEV1402","EEV1401"
"E5","CGTA","GGACGG",8,16,2,"Index16-lig8-lib2","E","BC313","EEV1401"
"F10","CGTA","GGACGG",8,16,1,"Index16-lig8-lib1","F","BC313","EEV1401"
"BC313_replicate4","CGTA","TGGTCA",8,4,2,"Index4-lig8-lib2","parents","BC313","BC313"
"H32","CGTA","CACTGT",8,5,1,"Index5-lig8-lib1","H","EEV1402","EEV1401"
"E39","CGTA","CTCTAC",8,17,2,"Index17-lig8-lib2","E","BC313","EEV1401"
"F23","CGTA","CTCTAC",8,17,1,"Index17-lig8-lib1","F","BC313","EEV1401"
"BC313_replicate5","CGTA","CACTGT",8,5,2,"Index5-lig8-lib2","parents","BC313","BC313"
"H33","CGTA","ATTGGC",8,6,1,"Index6-lig8-lib1","H","EEV1402","EEV1401"
"G17","CGTA","GCGGAC",8,18,2,"Index18-lig8-lib2","G","EEV1402","EEV1401"
"F27","CGTA","GCGGAC",8,18,1,"Index18-lig8-lib1","F","BC313","EEV1401"
"N2_replicate4","CGTA","ATTGGC",8,6,2,"Index6-lig8-lib2","parents","N2","N2"
"H34","CGTA","GATCTG",8,7,1,"Index7-lig8-lib1","H","EEV1402","EEV1401"
"H30","CGTA","TTTCAC",8,19,2,"Index19-lig8-lib2","H","EEV1402","EEV1401"
"F28","CGTA","TTTCAC",8,19,1,"Index19-lig8-lib1","F","BC313","EEV1401"
"N2_replicate5","CGTA","GATCTG",8,7,2,"Index7-lig8-lib2","parents","N2","N2"
"H35","CGTA","TCAAGT",8,8,1,"Index8-lig8-lib1","H","EEV1402","EEV1401"
"A28","CGTA","GGCCAC",8,20,2,"Index20-lig8-lib2","A","N2","EEV1401"
"EEV1403_replicate4","CGTA","TCAAGT",8,8,2,"Index8-lig8-lib2","parents","EEV1403","EEV1403"
"H36","CGTA","CTGATC",8,9,1,"Index9-lig8-lib1","H","EEV1402","EEV1401"
"B6","CGTA","CGAAAC",8,21,2,"Index21-lig8-lib2","B","N2","EEV1401"
"F33","CGTA","CGAAAC",8,21,1,"Index21-lig8-lib1","F","BC313","EEV1401"
"EEV1403_replicate5","CGTA","CTGATC",8,9,2,"Index9-lig8-lib2","parents","EEV1403","EEV1403"
