marker,genetic,chrom,pos,cross,mapfunction,intercross,rec,domain,domain_type,marker_background
1_13956,0,1,13956,AB,haldane,1,wt,left_tip,tip,unshared
1_21431,5.00003807246685e-08,1,21431,AB,haldane,1,wt,left_tip,tip,unshared
1_63684,1.00000761449337e-07,1,63684,AB,haldane,1,wt,left_tip,tip,unshared
1_302902,1.49999323184602e-07,1,302902,AB,haldane,1,wt,left_tip,tip,unshared
1_854591,1.82644646181325,1,854591,AB,haldane,1,wt,left_arm,arm,unshared
1_868693,2.67755250259688,1,868693,AB,haldane,1,wt,left_arm,arm,unshared
1_1432630,3.49347842372663,1,1432630,AB,haldane,1,wt,left_arm,arm,unshared
1_2201824,9.26407871553783,1,2201824,AB,haldane,1,wt,left_arm,arm,unshared
1_2621617,12.9124400795063,1,2621617,AB,haldane,1,wt,left_arm,arm,unshared
1_2638960,12.9124401295066,1,2638960,AB,haldane,1,wt,left_arm,arm,unshared
1_2654180,13.7515822342193,1,2654180,AB,haldane,1,wt,left_arm,arm,unshared
1_2701043,13.7515822842197,1,2701043,AB,haldane,1,wt,left_arm,arm,unshared
1_4636178,35.6245785427145,1,4636178,AB,haldane,1,wt,center,center,shared
1_4899223,35.6245785927131,1,4899223,AB,haldane,1,wt,center,center,shared
1_4919643,35.6245786427135,1,4919643,AB,haldane,1,wt,center,center,shared
1_5119694,36.4125148890216,1,5119694,AB,haldane,1,wt,center,center,shared
1_5225814,36.412514939022,1,5225814,AB,haldane,1,wt,center,center,shared
1_5241694,36.4125149890224,1,5241694,AB,haldane,1,wt,center,center,shared
1_5485789,36.4125150390228,1,5485789,AB,haldane,1,wt,center,center,shared
1_6720078,38.8941232068082,1,6720078,AB,haldane,1,wt,center,center,shared
1_7328409,38.8941232568086,1,7328409,AB,haldane,1,wt,center,center,shared
1_7491147,38.894123306809,1,7491147,AB,haldane,1,wt,center,center,shared
1_7511486,38.8941233568094,1,7511486,AB,haldane,1,wt,center,center,shared
1_7832871,39.6835816045732,1,7832871,AB,haldane,1,wt,center,center,shared
1_8195048,41.3003611765034,1,8195048,AB,haldane,1,wt,center,center,shared
1_8553974,42.9153642417041,1,8553974,AB,haldane,1,wt,center,center,shared
1_8729236,42.9153642917026,1,8729236,AB,haldane,1,wt,center,center,shared
1_11744848,130.993846518502,1,11744848,AB,haldane,1,wt,right_arm,arm,shared
1_13252681,153.696876868329,1,13252681,AB,haldane,1,wt,right_arm,arm,shared
1_14177786,160.416901536879,1,14177786,AB,haldane,1,wt,right_arm,arm,shared
1_14466584,162.58552475069,1,14466584,AB,haldane,1,wt,right_arm,arm,shared
2_57699,0,2,57699,AB,haldane,1,wt,left_tip,tip,shared
2_165253,5.00003807246685e-08,2,165253,AB,haldane,1,wt,left_tip,tip,shared
2_466622,0.931708682786848,2,466622,AB,haldane,1,wt,left_arm,arm,shared
2_536243,0.931708732787229,2,536243,AB,haldane,1,wt,left_arm,arm,shared
2_601864,0.931708782787609,2,601864,AB,haldane,1,wt,left_arm,arm,shared
2_640678,0.93170883278799,2,640678,AB,haldane,1,wt,left_arm,arm,shared
2_2787490,30.0470513325199,2,2787490,AB,haldane,1,wt,left_arm,arm,unshared
2_3794476,37.4286278495711,2,3794476,AB,haldane,1,wt,left_arm,arm,unshared
2_3951443,37.4286278995714,2,3951443,AB,haldane,1,wt,left_arm,arm,unshared
2_4391594,39.20566882618,2,4391594,AB,haldane,1,wt,left_arm,arm,shared
2_8336369,46.3752626282148,2,8336369,AB,haldane,1,wt,center,center,shared
2_9750616,46.3752626782152,2,9750616,AB,haldane,1,wt,center,center,shared
2_9912135,46.3752627282156,2,9912135,AB,haldane,1,wt,center,center,shared
2_10520061,46.375262778216,2,10520061,AB,haldane,1,wt,center,center,shared
2_11518821,49.6399374325774,2,11518821,AB,haldane,1,wt,center,center,unshared
2_12542769,60.17742789779,2,12542769,AB,haldane,1,wt,right_arm,arm,unshared
2_12873945,64.3640794471139,2,12873945,AB,haldane,1,wt,right_arm,arm,unshared
2_13920199,97.9186785790371,2,13920199,AB,haldane,1,wt,right_arm,arm,shared
2_14625147,111.767428619365,2,14625147,AB,haldane,1,wt,right_arm,arm,shared
2_14911071,111.767428669365,2,14911071,AB,haldane,1,wt,right_arm,arm,shared
3_670350,0,3,670350,AB,haldane,1,wt,left_arm,arm,shared
3_985212,2.00211362470873,3,985212,AB,haldane,1,wt,left_arm,arm,shared
3_1076069,2.92674717423506,3,1076069,AB,haldane,1,wt,left_arm,arm,shared
3_1475831,8.07489017606713,3,1475831,AB,haldane,1,wt,left_arm,arm,unshared
3_1499754,8.07489022612572,3,1499754,AB,haldane,1,wt,left_arm,arm,unshared
3_1855533,12.2552640151698,3,1855533,AB,haldane,1,wt,left_arm,arm,unshared
3_1926484,13.4970209683524,3,1926484,AB,haldane,1,wt,left_arm,arm,unshared
3_2746534,24.4662671355763,3,2746534,AB,haldane,1,wt,left_arm,arm,unshared
3_4189252,46.45028151921,3,4189252,AB,haldane,1,wt,center,center,unshared
3_4276393,47.7303043191787,3,4276393,AB,haldane,1,wt,center,center,shared
3_5427580,49.2999337085057,3,5427580,AB,haldane,1,wt,center,center,shared
3_5438354,49.2999337585643,3,5438354,AB,haldane,1,wt,center,center,shared
3_5747795,49.2999338085065,3,5747795,AB,haldane,1,wt,center,center,shared
3_7343795,50.2195465484401,3,7343795,AB,haldane,1,wt,center,center,unshared
3_9594378,53.000749091967,3,9594378,AB,haldane,1,wt,center,center,unshared
3_10804918,57.384496321436,3,10804918,AB,haldane,1,wt,right_arm,arm,unshared
3_11230824,69.4761956626317,3,11230824,AB,haldane,1,wt,right_arm,arm,shared
3_11612966,72.9923973379191,3,11612966,AB,haldane,1,wt,right_arm,arm,unshared
3_11760980,76.3213308022823,3,11760980,AB,haldane,1,wt,right_arm,arm,shared
3_12559164,90.5139673500089,3,12559164,AB,haldane,1,wt,right_arm,arm,shared
3_12775672,95.5699688545428,3,12775672,AB,haldane,1,wt,right_arm,arm,shared
3_13168886,96.4771030264674,3,13168886,AB,haldane,1,wt,right_arm,arm,shared
3_13618526,97.377386714099,3,13618526,AB,haldane,1,wt,right_tip,tip,shared
3_13655885,97.3773867641576,3,13655885,AB,haldane,1,wt,right_tip,tip,shared
4_1497273,0,4,1497273,AB,haldane,1,wt,left_arm,arm,shared
4_1786584,8.2474921613466,4,1786584,AB,haldane,1,wt,left_arm,arm,shared
4_1983489,8.24749221117236,4,1983489,AB,haldane,1,wt,left_arm,arm,shared
4_1985041,12.4996359411161,4,1985041,AB,haldane,1,wt,left_arm,arm,shared
4_2594788,42.8402398093604,4,2594788,AB,haldane,1,wt,left_arm,arm,unshared
4_2594789,42.8402398591861,4,2594789,AB,haldane,1,wt,left_arm,arm,unshared
4_2705926,47.9498412064277,4,2705926,AB,haldane,1,wt,left_arm,arm,shared
4_2718822,47.9498412564863,4,2718822,AB,haldane,1,wt,left_arm,arm,shared
4_2726812,47.949841306312,4,2726812,AB,haldane,1,wt,left_arm,arm,shared
4_2772696,47.9498413563706,4,2772696,AB,haldane,1,wt,left_arm,arm,shared
4_3355252,54.5850610716734,4,3355252,AB,haldane,1,wt,left_arm,arm,shared
4_4814509,75.5244093292859,4,4814509,AB,haldane,1,wt,center,center,shared
4_4819907,75.5244093793444,4,4819907,AB,haldane,1,wt,center,center,shared
4_4844241,75.5244094291702,4,4844241,AB,haldane,1,wt,center,center,shared
4_4893713,75.5244094792288,4,4893713,AB,haldane,1,wt,center,center,shared
4_6216027,82.0691245570779,4,6216027,AB,haldane,1,wt,center,center,shared
4_7467749,85.0213616779074,4,7467749,AB,haldane,1,wt,center,center,unshared
4_8714588,86.1230041086674,4,8714588,AB,haldane,1,wt,center,center,unshared
4_9580395,88.537418111926,4,9580395,AB,haldane,1,wt,center,center,unshared
4_10124331,88.5374181619845,4,10124331,AB,haldane,1,wt,center,center,unshared
4_10390726,88.5374182118103,4,10390726,AB,haldane,1,wt,center,center,unshared
4_11628921,91.6272687178571,4,11628921,AB,haldane,1,wt,center,center,unshared
4_12834338,96.0706984484568,4,12834338,AB,haldane,1,wt,center,center,unshared
4_12909247,96.0706984985154,4,12909247,AB,haldane,1,wt,center,center,shared
4_13532487,99.2721101939678,4,13532487,AB,haldane,1,wt,right_arm,arm,shared
4_14432471,102.377362821484,4,14432471,AB,haldane,1,wt,right_arm,arm,unshared
4_14988011,103.354416945949,4,14988011,AB,haldane,1,wt,right_arm,arm,unshared
4_15093025,105.528098734096,4,15093025,AB,haldane,1,wt,right_arm,arm,unshared
4_15410100,105.528098784154,4,15410100,AB,haldane,1,wt,right_arm,arm,shared
4_15410121,105.52809883398,4,15410121,AB,haldane,1,wt,right_arm,arm,shared
4_15921742,111.047982953023,4,15921742,AB,haldane,1,wt,right_arm,arm,unshared
4_16602334,120.155321229482,4,16602334,AB,haldane,1,wt,right_arm,arm,shared
4_16827449,120.155321279541,4,16827449,AB,haldane,1,wt,right_arm,arm,shared
4_16874792,121.602892981144,4,16874792,AB,haldane,1,wt,right_arm,arm,shared
4_17283625,123.256520680618,4,17283625,AB,haldane,1,wt,right_tip,tip,shared
4_17341761,123.256520730676,4,17341761,AB,haldane,1,wt,right_tip,tip,shared
4_17413128,123.256520780735,4,17413128,AB,haldane,1,wt,right_tip,tip,shared
5_1348897,0,5,1348897,AB,haldane,1,wt,left_arm,arm,shared
5_2040937,5.06457224837504,5,2040937,AB,haldane,1,wt,left_arm,arm,shared
5_2582206,5.84625811967999,5,2582206,AB,haldane,1,wt,left_arm,arm,shared
5_2648228,6.62772400979884,5,2648228,AB,haldane,1,wt,left_arm,arm,shared
5_3271567,14.1136165212374,5,3271567,AB,haldane,1,wt,left_arm,arm,shared
5_5394541,26.7909304166678,5,5394541,AB,haldane,1,wt,center,center,shared
5_5601580,26.7909304667264,5,5601580,AB,haldane,1,wt,center,center,shared
5_6046042,27.5728374877945,5,6046042,AB,haldane,1,wt,center,center,shared
5_6924545,28.3536729551852,5,6924545,AB,haldane,1,wt,center,center,shared
5_13399267,41.0279894019477,5,13399267,AB,haldane,1,wt,center,center,unshared
5_14381063,44.3882186787669,5,14381063,AB,haldane,1,wt,center,center,shared
5_15258947,50.1147924147081,5,15258947,AB,haldane,1,wt,center,center,shared
5_15326047,55.303826995194,5,15326047,AB,haldane,1,wt,center,center,shared
5_16217279,61.1936171771959,5,16217279,AB,haldane,1,wt,center,center,shared
5_16466574,64.4650976278354,5,16466574,AB,haldane,1,wt,center,center,shared
5_16471163,64.4650976778939,5,16471163,AB,haldane,1,wt,center,center,shared
5_16606773,66.4479049714282,5,16606773,AB,haldane,1,wt,right_arm,arm,shared
5_16775970,66.447905021254,5,16775970,AB,haldane,1,wt,right_arm,arm,unshared
5_16922990,66.4479050713126,5,16922990,AB,haldane,1,wt,right_arm,arm,unshared
5_17098948,66.4479051213712,5,17098948,AB,haldane,1,wt,right_arm,arm,unshared
5_17338121,66.4479051714297,5,17338121,AB,haldane,1,wt,right_arm,arm,shared
5_17338145,66.4479052212555,5,17338145,AB,haldane,1,wt,right_arm,arm,shared
5_17367917,66.4479052713141,5,17367917,AB,haldane,1,wt,right_arm,arm,shared
5_17372591,66.4479053213727,5,17372591,AB,haldane,1,wt,right_arm,arm,shared
5_17495041,67.842476957012,5,17495041,AB,haldane,1,wt,right_arm,arm,unshared
5_17658983,70.8938912563026,5,17658983,AB,haldane,1,wt,right_arm,arm,unshared
5_17673395,71.9330776035786,5,17673395,AB,haldane,1,wt,right_arm,arm,unshared
5_18851085,87.7074685695115,5,18851085,AB,haldane,1,wt,right_arm,arm,unshared
5_18895265,87.7074686195701,5,18895265,AB,haldane,1,wt,right_arm,arm,shared
5_19787790,95.2417593605351,5,19787790,AB,haldane,1,wt,right_arm,arm,unshared
6_89076,0,6,89076,AB,haldane,1,wt,left_tip,tip,shared
6_1502703,1.20479516508931,6,1502703,AB,haldane,1,wt,left_arm,arm,shared
6_1918243,1.20479521508969,6,1918243,AB,haldane,1,wt,left_arm,arm,shared
6_5958146,13.7222059780761,6,5958146,AB,haldane,1,wt,center,center,shared
6_5958315,13.7222060280765,6,5958315,AB,haldane,1,wt,center,center,shared
6_5962332,13.7222060780769,6,5962332,AB,haldane,1,wt,center,center,shared
6_7747379,21.7155830475094,6,7747379,AB,haldane,1,wt,center,center,unshared
6_8188952,23.3901474364393,6,8188952,AB,haldane,1,wt,center,center,unshared
6_9497800,27.5647697497916,6,9497800,AB,haldane,1,wt,center,center,shared
6_10109891,28.6736410361482,6,10109891,AB,haldane,1,wt,center,center,shared
6_10203287,28.6736410861486,6,10203287,AB,haldane,1,wt,center,center,shared
6_11335134,33.4575445128867,6,11335134,AB,haldane,1,wt,center,center,shared
6_11536766,35.4880050866632,6,11536766,AB,haldane,1,wt,center,center,shared
6_12027560,41.1680234516243,6,12027560,AB,haldane,1,wt,center,center,shared
6_13184104,46.0594631912391,6,13184104,AB,haldane,1,wt,center,center,shared
6_14138525,53.3413204179087,6,14138525,AB,haldane,1,wt,right_arm,arm,shared
6_14175317,54.2329189397569,6,14175317,AB,haldane,1,wt,right_arm,arm,shared
6_16709753,60.5219334664871,6,16709753,AB,haldane,1,wt,right_arm,arm,shared
6_17472224,60.5219335164875,6,17472224,AB,haldane,1,wt,right_tip,tip,shared
6_17482572,60.5219335664879,6,17482572,AB,haldane,1,wt,right_tip,tip,shared
6_17529504,60.5219336164883,6,17529504,AB,haldane,1,wt,right_tip,tip,shared
1_13956,0,1,13956,ABCD,haldane,consensus,wt,left_tip,tip,unshared
1_21431,5.00003807246685e-08,1,21431,ABCD,haldane,consensus,wt,left_tip,tip,unshared
1_63684,1.00000761449337e-07,1,63684,ABCD,haldane,consensus,wt,left_tip,tip,unshared
1_302902,1.49999323184602e-07,1,302902,ABCD,haldane,consensus,wt,left_tip,tip,unshared
1_854591,1.84709423899767,1,854591,ABCD,haldane,consensus,wt,left_arm,arm,unshared
1_868693,2.70750472755026,1,868693,ABCD,haldane,consensus,wt,left_arm,arm,unshared
1_1140819,2.70750477755064,1,1140819,ABCD,haldane,consensus,wt,left_arm,arm,unshared
1_1289765,2.70750482755102,1,1289765,ABCD,haldane,consensus,wt,left_arm,arm,unshared
1_1432630,3.68396436290095,1,1432630,ABCD,haldane,consensus,wt,left_arm,arm,unshared
1_2201824,11.0112081282259,1,2201824,ABCD,haldane,consensus,wt,left_arm,arm,unshared
1_2428644,15.5247960663328,1,2428644,ABCD,haldane,consensus,wt,left_arm,arm,unshared
1_2621617,15.5247961966179,1,2621617,ABCD,haldane,consensus,wt,left_arm,arm,unshared
1_2638960,15.5247962466183,1,2638960,ABCD,haldane,consensus,wt,left_arm,arm,unshared
1_2654180,16.4288754472364,1,2654180,ABCD,haldane,consensus,wt,left_arm,arm,unshared
1_2701043,16.4288754972367,1,2701043,ABCD,haldane,consensus,wt,left_arm,arm,unshared
1_2789837,22.4680856548894,1,2789837,ABCD,haldane,consensus,wt,left_arm,arm,unshared
1_4636178,42.5695490163635,1,4636178,ABCD,haldane,consensus,wt,center,center,shared
1_4899223,42.5695490663638,1,4899223,ABCD,haldane,consensus,wt,center,center,shared
1_4919643,42.5695491163642,1,4919643,ABCD,haldane,consensus,wt,center,center,shared
1_5119694,42.9358852850455,1,5119694,ABCD,haldane,consensus,wt,center,center,shared
1_5225814,42.9358853350459,1,5225814,ABCD,haldane,consensus,wt,center,center,shared
1_5241694,42.9358853850445,1,5241694,ABCD,haldane,consensus,wt,center,center,shared
1_5485789,42.9358854350448,1,5485789,ABCD,haldane,consensus,wt,center,center,shared
1_6720078,44.4515103951308,1,6720078,ABCD,haldane,consensus,wt,center,center,shared
1_7328409,44.8178206245739,1,7328409,ABCD,haldane,consensus,wt,center,center,shared
1_7491147,44.8178206745743,1,7491147,ABCD,haldane,consensus,wt,center,center,shared
1_7511486,44.8178207245728,1,7511486,ABCD,haldane,consensus,wt,center,center,shared
1_7832871,45.2902432294031,1,7832871,ABCD,haldane,consensus,wt,center,center,shared
1_8195048,46.2512026319109,1,8195048,ABCD,haldane,consensus,wt,center,center,shared
1_8553974,47.3195884200177,1,8553974,ABCD,haldane,consensus,wt,center,center,shared
1_8729236,47.3195884700181,1,8729236,ABCD,haldane,consensus,wt,center,center,shared
1_11744848,68.1817732458167,1,11744848,ABCD,haldane,consensus,wt,right_arm,arm,shared
1_13252681,100.089042735288,1,13252681,ABCD,haldane,consensus,wt,right_arm,arm,shared
1_14177786,107.688445583379,1,14177786,ABCD,haldane,consensus,wt,right_arm,arm,shared
1_14466584,112.113498758088,1,14466584,ABCD,haldane,consensus,wt,right_arm,arm,shared
2_57699,0,2,57699,ABCD,haldane,consensus,wt,left_tip,tip,shared
2_165253,5.00003807246685e-08,2,165253,ABCD,haldane,consensus,wt,left_tip,tip,shared
2_466622,1.23350689128711,2,466622,ABCD,haldane,consensus,wt,left_arm,arm,shared
2_536243,1.23350694128749,2,536243,ABCD,haldane,consensus,wt,left_arm,arm,shared
2_601864,1.68294740244164,2,601864,ABCD,haldane,consensus,wt,left_arm,arm,shared
2_640678,1.68294745244202,2,640678,ABCD,haldane,consensus,wt,left_arm,arm,shared
2_1661378,10.3414270608555,2,1661378,ABCD,haldane,consensus,wt,left_arm,arm,unshared
2_2787490,33.633285638869,2,2787490,ABCD,haldane,consensus,wt,left_arm,arm,unshared
2_3740031,37.7725280210361,2,3740031,ABCD,haldane,consensus,wt,left_arm,arm,unshared
2_3794476,41.1882360521777,2,3794476,ABCD,haldane,consensus,wt,left_arm,arm,unshared
2_3951443,41.1882361021708,2,3951443,ABCD,haldane,consensus,wt,left_arm,arm,unshared
2_4311371,41.1882361521712,2,4311371,ABCD,haldane,consensus,wt,left_arm,arm,unshared
2_4391594,46.7449783592238,2,4391594,ABCD,haldane,consensus,wt,left_arm,arm,shared
2_5814837,53.2944734996709,2,5814837,ABCD,haldane,consensus,wt,center,center,unshared
2_6829737,53.2944735496712,2,6829737,ABCD,haldane,consensus,wt,center,center,unshared
2_7738506,53.2944735996716,2,7738506,ABCD,haldane,consensus,wt,center,center,unshared
2_7846567,53.294473649672,2,7846567,ABCD,haldane,consensus,wt,center,center,unshared
2_8336369,57.2571455930156,2,8336369,ABCD,haldane,consensus,wt,center,center,shared
2_9750616,57.257145643016,2,9750616,ABCD,haldane,consensus,wt,center,center,shared
2_9912135,57.2571456930164,2,9912135,ABCD,haldane,consensus,wt,center,center,shared
2_10520061,57.6767026360176,2,10520061,ABCD,haldane,consensus,wt,center,center,shared
2_11518821,60.7537144511007,2,11518821,ABCD,haldane,consensus,wt,center,center,unshared
2_12449857,69.4654699371167,2,12449857,ABCD,haldane,consensus,wt,right_arm,arm,unshared
2_12489620,70.2454927971267,2,12489620,ABCD,haldane,consensus,wt,right_arm,arm,unshared
2_12542769,70.3305769990038,2,12542769,ABCD,haldane,consensus,wt,right_arm,arm,unshared
2_12873945,74.2700440318513,2,12873945,ABCD,haldane,consensus,wt,right_arm,arm,unshared
2_12998899,74.2700440818517,2,12998899,ABCD,haldane,consensus,wt,right_arm,arm,unshared
2_13920199,112.746690867119,2,13920199,ABCD,haldane,consensus,wt,right_arm,arm,shared
2_14625147,122.015111406872,2,14625147,ABCD,haldane,consensus,wt,right_arm,arm,shared
2_14911071,122.015111456873,2,14911071,ABCD,haldane,consensus,wt,right_arm,arm,shared
3_138965,0,3,138965,ABCD,haldane,consensus,wt,left_tip,tip,unshared
3_180959,5.00003807246685e-08,3,180959,ABCD,haldane,consensus,wt,left_tip,tip,unshared
3_180961,1.00000761449337e-07,3,180961,ABCD,haldane,consensus,wt,left_tip,tip,unshared
3_195685,1.50001142174006e-07,3,195685,ABCD,haldane,consensus,wt,left_tip,tip,unshared
3_670350,3.90513195688254,3,670350,ABCD,haldane,consensus,wt,left_arm,arm,shared
3_985212,5.94731476041488,3,985212,ABCD,haldane,consensus,wt,left_arm,arm,shared
3_1076069,6.51888316075201,3,1076069,ABCD,haldane,consensus,wt,left_arm,arm,shared
3_1191201,8.85067160846666,3,1191201,ABCD,haldane,consensus,wt,left_arm,arm,unshared
3_1320854,14.6046897549822,3,1320854,ABCD,haldane,consensus,wt,left_arm,arm,unshared
3_1475831,14.6046898049826,3,1475831,ABCD,haldane,consensus,wt,left_arm,arm,unshared
3_1499754,14.604689854983,3,1499754,ABCD,haldane,consensus,wt,left_arm,arm,unshared
3_1855533,20.0282414429821,3,1855533,ABCD,haldane,consensus,wt,left_arm,arm,unshared
3_1926484,21.6128444378555,3,1926484,ABCD,haldane,consensus,wt,left_arm,arm,unshared
3_2544231,35.433651809406,3,2544231,ABCD,haldane,consensus,wt,left_arm,arm,unshared
3_2619787,36.8026378679497,3,2619787,ABCD,haldane,consensus,wt,left_arm,arm,unshared
3_2668914,38.0268515152275,3,2668914,ABCD,haldane,consensus,wt,left_arm,arm,unshared
3_2746534,38.0268515652278,3,2746534,ABCD,haldane,consensus,wt,left_arm,arm,unshared
3_3484584,48.7639493541792,3,3484584,ABCD,haldane,consensus,wt,left_arm,arm,unshared
3_4189252,55.5148128094152,3,4189252,ABCD,haldane,consensus,wt,center,center,unshared
3_4276393,56.6927487882786,3,4276393,ABCD,haldane,consensus,wt,center,center,shared
3_5427580,57.7662033300731,3,5427580,ABCD,haldane,consensus,wt,center,center,shared
3_5438354,57.7662033800734,3,5438354,ABCD,haldane,consensus,wt,center,center,shared
3_5747795,57.7662034300738,3,5747795,ABCD,haldane,consensus,wt,center,center,shared
3_5838259,59.7734542627295,3,5838259,ABCD,haldane,consensus,wt,center,center,unshared
3_7343795,59.7734543127299,3,7343795,ABCD,haldane,consensus,wt,center,center,unshared
3_8808084,61.6808946522069,3,8808084,ABCD,haldane,consensus,wt,center,center,unshared
3_8905363,61.6808947022073,3,8905363,ABCD,haldane,consensus,wt,center,center,unshared
3_9594378,61.6808947522077,3,9594378,ABCD,haldane,consensus,wt,center,center,unshared
3_10009386,61.6808948022081,3,10009386,ABCD,haldane,consensus,wt,center,center,unshared
3_10744887,64.4807999571203,3,10744887,ABCD,haldane,consensus,wt,right_arm,arm,unshared
3_10804918,64.6934033441648,3,10804918,ABCD,haldane,consensus,wt,right_arm,arm,unshared
3_11230824,72.3042815361114,3,11230824,ABCD,haldane,consensus,wt,right_arm,arm,shared
3_11359164,76.0293951251078,3,11359164,ABCD,haldane,consensus,wt,right_arm,arm,unshared
3_11612966,78.0379281240748,3,11612966,ABCD,haldane,consensus,wt,right_arm,arm,unshared
3_11760980,84.1712990058877,3,11760980,ABCD,haldane,consensus,wt,right_arm,arm,shared
3_12559164,100.510655622318,3,12559164,ABCD,haldane,consensus,wt,right_arm,arm,shared
3_12775672,103.984266429121,3,12775672,ABCD,haldane,consensus,wt,right_arm,arm,shared
3_13168886,106.092291808338,3,13168886,ABCD,haldane,consensus,wt,right_arm,arm,shared
3_13618526,106.903035316762,3,13618526,ABCD,haldane,consensus,wt,right_tip,tip,shared
3_13655885,106.903035366762,3,13655885,ABCD,haldane,consensus,wt,right_tip,tip,shared
4_1277948,0,4,1277948,ABCD,haldane,consensus,wt,left_arm,arm,unshared
4_1497273,11.6508159842342,4,1497273,ABCD,haldane,consensus,wt,left_arm,arm,shared
4_1786584,22.1526291999035,4,1786584,ABCD,haldane,consensus,wt,left_arm,arm,shared
4_1983489,24.2723207105882,4,1983489,ABCD,haldane,consensus,wt,left_arm,arm,shared
4_1985041,31.2554638970178,4,1985041,ABCD,haldane,consensus,wt,left_arm,arm,shared
4_2594788,55.9332424914464,4,2594788,ABCD,haldane,consensus,wt,left_arm,arm,unshared
4_2594789,55.9332425412722,4,2594789,ABCD,haldane,consensus,wt,left_arm,arm,unshared
4_2705926,60.9910684586503,4,2705926,ABCD,haldane,consensus,wt,left_arm,arm,shared
4_2718822,60.9910685087089,4,2718822,ABCD,haldane,consensus,wt,left_arm,arm,shared
4_2726812,60.9910685587675,4,2726812,ABCD,haldane,consensus,wt,left_arm,arm,shared
4_2772696,61.3790497777518,4,2772696,ABCD,haldane,consensus,wt,left_arm,arm,shared
4_3355252,64.567133866949,4,3355252,ABCD,haldane,consensus,wt,left_arm,arm,shared
4_4814509,80.7882049290929,4,4814509,ABCD,haldane,consensus,wt,center,center,shared
4_4819907,80.7882049791515,4,4819907,ABCD,haldane,consensus,wt,center,center,shared
4_4844241,80.7882050292101,4,4844241,ABCD,haldane,consensus,wt,center,center,shared
4_4893713,82.2973652866203,4,4893713,ABCD,haldane,consensus,wt,center,center,shared
4_6216027,85.892173843924,4,6216027,ABCD,haldane,consensus,wt,center,center,shared
4_7467749,92.9851415939629,4,7467749,ABCD,haldane,consensus,wt,center,center,unshared
4_7924587,94.243489684537,4,7924587,ABCD,haldane,consensus,wt,center,center,unshared
4_8433580,94.9080830609892,4,8433580,ABCD,haldane,consensus,wt,center,center,unshared
4_8714588,94.9080831124447,4,8714588,ABCD,haldane,consensus,wt,center,center,unshared
4_9580395,97.5801856766921,4,9580395,ABCD,haldane,consensus,wt,center,center,unshared
4_10124331,97.5801857267506,4,10124331,ABCD,haldane,consensus,wt,center,center,unshared
4_10390726,97.5801857768092,4,10390726,ABCD,haldane,consensus,wt,center,center,unshared
4_11628921,100.887024929747,4,11628921,ABCD,haldane,consensus,wt,center,center,unshared
4_12834338,106.291175296297,4,12834338,ABCD,haldane,consensus,wt,center,center,unshared
4_12909247,106.291175346356,4,12909247,ABCD,haldane,consensus,wt,center,center,shared
4_13532487,111.058335901471,4,13532487,ABCD,haldane,consensus,wt,right_arm,arm,shared
4_14432471,113.469840771751,4,14432471,ABCD,haldane,consensus,wt,right_arm,arm,unshared
4_14988011,114.217178009916,4,14988011,ABCD,haldane,consensus,wt,right_arm,arm,unshared
4_15093025,115.939829591429,4,15093025,ABCD,haldane,consensus,wt,right_arm,arm,unshared
4_15410100,115.939829641487,4,15410100,ABCD,haldane,consensus,wt,right_arm,arm,shared
4_15410121,115.939829691546,4,15410121,ABCD,haldane,consensus,wt,right_arm,arm,shared
4_15921742,120.325676872395,4,15921742,ABCD,haldane,consensus,wt,right_arm,arm,unshared
4_16602334,127.443808414508,4,16602334,ABCD,haldane,consensus,wt,right_arm,arm,shared
4_16827449,127.443808464566,4,16827449,ABCD,haldane,consensus,wt,right_arm,arm,shared
4_16874792,128.013995643239,4,16874792,ABCD,haldane,consensus,wt,right_arm,arm,shared
4_17283625,129.70543244062,4,17283625,ABCD,haldane,consensus,wt,right_tip,tip,shared
4_17341761,129.705432490679,4,17341761,ABCD,haldane,consensus,wt,right_tip,tip,shared
4_17413128,129.705432540737,4,17413128,ABCD,haldane,consensus,wt,right_tip,tip,shared
5_1348897,0,5,1348897,ABCD,haldane,consensus,wt,left_arm,arm,shared
5_2040937,6.80481976573356,5,2040937,ABCD,haldane,consensus,wt,left_arm,arm,shared
5_2582206,9.29518679180183,5,2582206,ABCD,haldane,consensus,wt,left_arm,arm,shared
5_2648228,9.76627462496981,5,2648228,ABCD,haldane,consensus,wt,left_arm,arm,shared
5_3271567,14.5513061606325,5,3271567,ABCD,haldane,consensus,wt,left_arm,arm,shared
5_5394541,31.5105582992546,5,5394541,ABCD,haldane,consensus,wt,center,center,shared
5_5601580,31.98039635038,5,5601580,ABCD,haldane,consensus,wt,center,center,shared
5_6046042,32.451688019326,5,6046042,ABCD,haldane,consensus,wt,center,center,shared
5_6924545,34.4026508724783,5,6924545,ABCD,haldane,consensus,wt,center,center,shared
5_7354179,38.2366676831152,5,7354179,ABCD,haldane,consensus,wt,center,center,unshared
5_13399267,47.1583683714271,5,13399267,ABCD,haldane,consensus,wt,center,center,unshared
5_14381063,50.1415099855512,5,14381063,ABCD,haldane,consensus,wt,center,center,shared
5_15258947,56.24111610814,5,15258947,ABCD,haldane,consensus,wt,center,center,shared
5_15326047,60.0900989845395,5,15326047,ABCD,haldane,consensus,wt,center,center,shared
5_16217279,62.0199738063384,5,16217279,ABCD,haldane,consensus,wt,center,center,shared
5_16466574,65.4036952301394,5,16466574,ABCD,haldane,consensus,wt,center,center,shared
5_16471163,65.403695280198,5,16471163,ABCD,haldane,consensus,wt,center,center,shared
5_16606773,66.460187247023,5,16606773,ABCD,haldane,consensus,wt,right_arm,arm,shared
5_16775970,66.4601878365502,5,16775970,ABCD,haldane,consensus,wt,right_arm,arm,unshared
5_16922990,68.4506823925767,5,16922990,ABCD,haldane,consensus,wt,right_arm,arm,unshared
5_17098948,68.4506824426353,5,17098948,ABCD,haldane,consensus,wt,right_arm,arm,unshared
5_17338121,68.4506824926939,5,17338121,ABCD,haldane,consensus,wt,right_arm,arm,shared
5_17338145,68.4506825427525,5,17338145,ABCD,haldane,consensus,wt,right_arm,arm,shared
5_17367917,68.4506825925782,5,17367917,ABCD,haldane,consensus,wt,right_arm,arm,shared
5_17372591,68.4506826426368,5,17372591,ABCD,haldane,consensus,wt,right_arm,arm,shared
5_17495041,68.4506826926954,5,17495041,ABCD,haldane,consensus,wt,right_arm,arm,unshared
5_17658983,72.7448486678768,5,17658983,ABCD,haldane,consensus,wt,right_arm,arm,unshared
5_17673395,74.7190175156575,5,17673395,ABCD,haldane,consensus,wt,right_arm,arm,unshared
5_18076170,80.8507553720847,5,18076170,ABCD,haldane,consensus,wt,right_arm,arm,unshared
5_18128116,82.2724026616197,5,18128116,ABCD,haldane,consensus,wt,right_arm,arm,unshared
5_18678268,87.8896820452064,5,18678268,ABCD,haldane,consensus,wt,right_arm,arm,unshared
5_18851085,93.4390352934133,5,18851085,ABCD,haldane,consensus,wt,right_arm,arm,unshared
5_18895265,93.4390353434719,5,18895265,ABCD,haldane,consensus,wt,right_arm,arm,shared
5_18972060,97.8920145221055,5,18972060,ABCD,haldane,consensus,wt,right_arm,arm,unshared
5_19512476,103.134922332596,5,19512476,ABCD,haldane,consensus,wt,right_arm,arm,unshared
5_19787790,103.134922382655,5,19787790,ABCD,haldane,consensus,wt,right_arm,arm,unshared
5_19938887,107.82674012566,5,19938887,ABCD,haldane,consensus,wt,right_arm,arm,unshared
6_89076,0,6,89076,ABCD,haldane,consensus,wt,left_tip,tip,shared
6_1502703,3.37354153231718,6,1502703,ABCD,haldane,consensus,wt,left_arm,arm,shared
6_1918243,3.37354158231756,6,1918243,ABCD,haldane,consensus,wt,left_arm,arm,shared
6_5958146,19.712276218328,6,5958146,ABCD,haldane,consensus,wt,center,center,shared
6_5958315,19.7122762683284,6,5958315,ABCD,haldane,consensus,wt,center,center,shared
6_5962332,19.7122763183288,6,5962332,ABCD,haldane,consensus,wt,center,center,shared
6_7747379,29.7629204634577,6,7747379,ABCD,haldane,consensus,wt,center,center,unshared
6_8188952,32.5641628411686,6,8188952,ABCD,haldane,consensus,wt,center,center,unshared
6_9497800,35.6563229751628,6,9497800,ABCD,haldane,consensus,wt,center,center,shared
6_10109891,35.6563230251632,6,10109891,ABCD,haldane,consensus,wt,center,center,shared
6_10203287,35.6563230751635,6,10203287,ABCD,haldane,consensus,wt,center,center,shared
6_11335134,39.2173062658694,6,11335134,ABCD,haldane,consensus,wt,center,center,shared
6_11536766,40.1904232112574,6,11536766,ABCD,haldane,consensus,wt,center,center,shared
6_12027560,43.367770750905,6,12027560,ABCD,haldane,consensus,wt,center,center,shared
6_13184104,53.2818761949748,6,13184104,ABCD,haldane,consensus,wt,center,center,shared
6_14138525,60.740898132397,6,14138525,ABCD,haldane,consensus,wt,right_arm,arm,shared
6_14175317,61.4736521881569,6,14175317,ABCD,haldane,consensus,wt,right_arm,arm,shared
6_16709753,77.8733280892047,6,16709753,ABCD,haldane,consensus,wt,right_arm,arm,shared
6_17472224,77.8733281392051,6,17472224,ABCD,haldane,consensus,wt,right_tip,tip,shared
6_17482572,77.8733281892055,6,17482572,ABCD,haldane,consensus,wt,right_tip,tip,shared
6_17529504,77.8733282392059,6,17529504,ABCD,haldane,consensus,wt,right_tip,tip,shared
1_1140819,0,1,1140819,CD,haldane,2,wt,left_arm,arm,unshared
1_1289765,5.0058588385582e-08,1,1289765,CD,haldane,2,wt,left_arm,arm,unshared
1_2428644,17.5076941205189,1,2428644,CD,haldane,2,wt,left_arm,arm,unshared
1_2789837,25.0180084281601,1,2789837,CD,haldane,2,wt,left_arm,arm,unshared
1_4636178,48.4543036487885,1,4636178,CD,haldane,2,wt,center,center,shared
1_4899223,48.4543036986143,1,4899223,CD,haldane,2,wt,center,center,shared
1_4919643,48.4543037486728,1,4919643,CD,haldane,2,wt,center,center,shared
1_5119694,48.4543037987314,1,5119694,CD,haldane,2,wt,center,center,shared
1_5225814,48.45430384879,1,5225814,CD,haldane,2,wt,center,center,shared
1_5241694,48.4543038986158,1,5241694,CD,haldane,2,wt,center,center,shared
1_5485789,48.4543039486744,1,5485789,CD,haldane,2,wt,center,center,shared
1_6720078,49.1547787650488,1,6720078,CD,haldane,2,wt,center,center,shared
1_7328409,49.8552541800309,1,7328409,CD,haldane,2,wt,center,center,shared
1_7491147,49.8552542300895,1,7491147,CD,haldane,2,wt,center,center,shared
1_7511486,49.8552542801481,1,7511486,CD,haldane,2,wt,center,center,shared
1_7832871,49.8552543302067,1,7832871,CD,haldane,2,wt,center,center,shared
1_8195048,49.8552543800324,1,8195048,CD,haldane,2,wt,center,center,shared
1_8553974,49.855254430091,1,8553974,CD,haldane,2,wt,center,center,shared
1_8729236,49.8552544801496,1,8729236,CD,haldane,2,wt,center,center,shared
1_11744848,54.7660908282269,1,11744848,CD,haldane,2,wt,right_arm,arm,shared
1_13252681,93.411465901183,1,13252681,CD,haldane,2,wt,right_arm,arm,shared
1_14177786,101.938185166102,1,14177786,CD,haldane,2,wt,right_arm,arm,shared
1_14466584,108.23973676539,1,14466584,CD,haldane,2,wt,right_arm,arm,shared
2_57699,0,2,57699,CD,haldane,2,wt,left_tip,tip,shared
2_165253,5.00003807246685e-08,2,165253,CD,haldane,2,wt,left_tip,tip,shared
2_466622,1.47070765817625,2,466622,CD,haldane,2,wt,left_arm,arm,shared
2_536243,1.47070770817663,2,536243,CD,haldane,2,wt,left_arm,arm,shared
2_601864,2.27028573403368,2,601864,CD,haldane,2,wt,left_arm,arm,shared
2_640678,2.27028578403406,2,640678,CD,haldane,2,wt,left_arm,arm,shared
2_1661378,11.3693731644671,2,1661378,CD,haldane,2,wt,left_arm,arm,unshared
2_3740031,43.8812537983686,2,3740031,CD,haldane,2,wt,left_arm,arm,unshared
2_4311371,46.9871818857137,2,4311371,CD,haldane,2,wt,left_arm,arm,unshared
2_4391594,56.8904559232469,2,4391594,CD,haldane,2,wt,left_arm,arm,shared
2_5814837,65.0546035482985,2,5814837,CD,haldane,2,wt,center,center,unshared
2_6829737,65.0546035982989,2,6829737,CD,haldane,2,wt,center,center,unshared
2_7738506,65.0546036482992,2,7738506,CD,haldane,2,wt,center,center,unshared
2_7846567,65.0546036982996,2,7846567,CD,haldane,2,wt,center,center,unshared
2_8336369,69.8728985489579,2,8336369,CD,haldane,2,wt,center,center,shared
2_9750616,69.8728985989583,2,9750616,CD,haldane,2,wt,center,center,shared
2_9912135,70.6790227405072,2,9912135,CD,haldane,2,wt,center,center,shared
2_10520061,70.6790228390819,2,10520061,CD,haldane,2,wt,center,center,shared
2_12449857,82.0169614071056,2,12449857,CD,haldane,2,wt,right_arm,arm,unshared
2_12489620,82.7618676251441,2,12489620,CD,haldane,2,wt,right_arm,arm,unshared
2_12998899,86.5912862733676,2,12998899,CD,haldane,2,wt,right_arm,arm,unshared
2_13920199,128.997734458724,2,13920199,CD,haldane,2,wt,right_arm,arm,shared
2_14625147,135.495470512578,2,14625147,CD,haldane,2,wt,right_arm,arm,shared
2_14911071,135.495470562579,2,14911071,CD,haldane,2,wt,right_arm,arm,shared
3_138965,0,3,138965,CD,haldane,2,wt,left_tip,tip,unshared
3_180959,5.00003807246685e-08,3,180959,CD,haldane,2,wt,left_tip,tip,unshared
3_180961,1.00000761449337e-07,3,180961,CD,haldane,2,wt,left_tip,tip,unshared
3_195685,1.50001142174006e-07,3,195685,CD,haldane,2,wt,left_tip,tip,unshared
3_670350,3.90578280316549,3,670350,CD,haldane,2,wt,left_arm,arm,shared
3_985212,6.15052467922214,3,985212,CD,haldane,2,wt,left_arm,arm,shared
3_1076069,6.15052472922253,3,1076069,CD,haldane,2,wt,left_arm,arm,shared
3_1191201,9.23691190616228,3,1191201,CD,haldane,2,wt,left_arm,arm,unshared
3_1320854,18.2697837820742,3,1320854,CD,haldane,2,wt,left_arm,arm,unshared
3_2544231,54.9543944256438,3,2544231,CD,haldane,2,wt,left_arm,arm,unshared
3_2619787,56.5476605528384,3,2619787,CD,haldane,2,wt,left_arm,arm,unshared
3_2668914,57.9498248294112,3,2668914,CD,haldane,2,wt,left_arm,arm,unshared
3_3484584,67.6363152206468,3,3484584,CD,haldane,2,wt,left_arm,arm,unshared
3_4276393,75.0554733978352,3,4276393,CD,haldane,2,wt,center,center,shared
3_5427580,75.7114528049424,3,5427580,CD,haldane,2,wt,center,center,shared
3_5438354,75.7114528549428,3,5438354,CD,haldane,2,wt,center,center,shared
3_5747795,75.7114529049431,3,5747795,CD,haldane,2,wt,center,center,shared
3_5838259,78.5586382186448,3,5838259,CD,haldane,2,wt,center,center,unshared
3_8808084,79.9148387591704,3,8808084,CD,haldane,2,wt,center,center,unshared
3_8905363,79.9148388091708,3,8905363,CD,haldane,2,wt,center,center,unshared
3_10009386,79.9148388591711,3,10009386,CD,haldane,2,wt,center,center,unshared
3_10744887,82.0122021206771,3,10744887,CD,haldane,2,wt,right_arm,arm,unshared
3_11230824,87.4530338198529,3,11230824,CD,haldane,2,wt,right_arm,arm,shared
3_11359164,92.0193642385129,3,11359164,CD,haldane,2,wt,right_arm,arm,unshared
3_11760980,104.366776426701,3,11760980,CD,haldane,2,wt,right_arm,arm,shared
3_12559164,122.173853706801,3,12559164,CD,haldane,2,wt,right_arm,arm,shared
3_12775672,124.450192594581,3,12775672,CD,haldane,2,wt,right_arm,arm,shared
3_13168886,127.584914123465,3,13168886,CD,haldane,2,wt,right_arm,arm,shared
3_13618526,128.319899360999,3,13618526,CD,haldane,2,wt,right_tip,tip,shared
3_13655885,128.319899410999,3,13655885,CD,haldane,2,wt,right_tip,tip,shared
4_1277948,0,4,1277948,CD,haldane,2,wt,left_arm,arm,unshared
4_1497273,11.5979928574525,4,1497273,CD,haldane,2,wt,left_arm,arm,shared
4_1786584,24.7398159955628,4,1786584,CD,haldane,2,wt,left_arm,arm,shared
4_1983489,28.1896088831127,4,1983489,CD,haldane,2,wt,left_arm,arm,shared
4_1985041,37.976566886995,4,1985041,CD,haldane,2,wt,left_arm,arm,shared
4_2705926,63.4823978876229,4,2705926,CD,haldane,2,wt,left_arm,arm,shared
4_2718822,63.4823979374487,4,2718822,CD,haldane,2,wt,left_arm,arm,shared
4_2726812,63.4823979875073,4,2726812,CD,haldane,2,wt,left_arm,arm,shared
4_2772696,64.1839844335336,4,2772696,CD,haldane,2,wt,left_arm,arm,shared
4_3355252,65.1436440870166,4,3355252,CD,haldane,2,wt,left_arm,arm,shared
4_4814509,77.8888226973359,4,4814509,CD,haldane,2,wt,center,center,shared
4_4819907,77.8888227473945,4,4819907,CD,haldane,2,wt,center,center,shared
4_4844241,77.8888227972202,4,4844241,CD,haldane,2,wt,center,center,shared
4_4893713,80.8122533808928,4,4893713,CD,haldane,2,wt,center,center,shared
4_6216027,82.2123528351076,4,6216027,CD,haldane,2,wt,center,center,shared
4_7924587,95.300952977268,4,7924587,CD,haldane,2,wt,center,center,unshared
4_8433580,96.1981309724506,4,8433580,CD,haldane,2,wt,center,center,unshared
4_12909247,110.977602453902,4,12909247,CD,haldane,2,wt,center,center,shared
4_13532487,116.946994340513,4,13532487,CD,haldane,2,wt,right_arm,arm,shared
4_15410100,121.006658880273,4,15410100,CD,haldane,2,wt,right_arm,arm,shared
4_15410121,121.006658930331,4,15410121,CD,haldane,2,wt,right_arm,arm,shared
4_16602334,130.049011138501,4,16602334,CD,haldane,2,wt,right_arm,arm,shared
4_16827449,130.049011188559,4,16827449,CD,haldane,2,wt,right_arm,arm,shared
4_16874792,130.049011238385,4,16874792,CD,haldane,2,wt,right_arm,arm,shared
4_17283625,131.537556099007,4,17283625,CD,haldane,2,wt,right_tip,tip,shared
4_17341761,131.537556149066,4,17341761,CD,haldane,2,wt,right_tip,tip,shared
4_17413128,131.537556198891,4,17413128,CD,haldane,2,wt,right_tip,tip,shared
5_1348897,0,5,1348897,CD,haldane,2,wt,left_arm,arm,shared
5_2040937,5.37322149821557,5,2040937,CD,haldane,2,wt,left_arm,arm,shared
5_2582206,8.35286839865148,5,2582206,CD,haldane,2,wt,left_arm,arm,shared
5_2648228,9.05366508150473,5,2648228,CD,haldane,2,wt,left_arm,arm,shared
5_3271567,12.0450123196933,5,3271567,CD,haldane,2,wt,left_arm,arm,shared
5_5394541,30.2181540615857,5,5394541,CD,haldane,2,wt,center,center,shared
5_5601580,30.9173224966507,5,5601580,CD,haldane,2,wt,center,center,shared
5_6046042,30.9173225464765,5,6046042,CD,haldane,2,wt,center,center,shared
5_6924545,33.890103445854,5,6924545,CD,haldane,2,wt,center,center,shared
5_7354179,37.6241150153801,5,7354179,CD,haldane,2,wt,center,center,unshared
5_14381063,49.4847880066373,5,14381063,CD,haldane,2,wt,center,center,shared
5_15258947,55.6899871991482,5,15258947,CD,haldane,2,wt,center,center,shared
5_15326047,58.0726665148977,5,15326047,CD,haldane,2,wt,center,center,shared
5_16217279,59.0308700124733,5,16217279,CD,haldane,2,wt,center,center,shared
5_16466574,62.1421569469385,5,16466574,CD,haldane,2,wt,center,center,shared
5_16471163,62.1421569969971,5,16471163,CD,haldane,2,wt,center,center,shared
5_16606773,62.835124534322,5,16606773,CD,haldane,2,wt,right_arm,arm,shared
5_17338121,65.763834101148,5,17338121,CD,haldane,2,wt,right_arm,arm,shared
5_17338145,65.7638341512065,5,17338145,CD,haldane,2,wt,right_arm,arm,shared
5_17367917,65.7638342012651,5,17367917,CD,haldane,2,wt,right_arm,arm,shared
5_17372591,65.7638342513237,5,17372591,CD,haldane,2,wt,right_arm,arm,shared
5_18076170,78.6014889199287,5,18076170,CD,haldane,2,wt,right_arm,arm,unshared
5_18128116,79.9959806462284,5,18128116,CD,haldane,2,wt,right_arm,arm,unshared
5_18678268,85.4852387050632,5,18678268,CD,haldane,2,wt,right_arm,arm,unshared
5_18895265,90.9174499257933,5,18895265,CD,haldane,2,wt,right_arm,arm,shared
5_18972060,96.2259830222465,5,18972060,CD,haldane,2,wt,right_arm,arm,unshared
5_19512476,102.598774360027,5,19512476,CD,haldane,2,wt,right_arm,arm,unshared
5_19938887,107.207531094085,5,19938887,CD,haldane,2,wt,right_arm,arm,unshared
6_89076,0,6,89076,CD,haldane,2,wt,left_tip,tip,shared
6_1502703,3.15330324562092,6,1502703,CD,haldane,2,wt,left_arm,arm,shared
6_1918243,3.1533032956213,6,1918243,CD,haldane,2,wt,left_arm,arm,shared
6_5958146,14.2317270489002,6,5958146,CD,haldane,2,wt,center,center,shared
6_5958315,14.2317270989006,6,5958315,CD,haldane,2,wt,center,center,shared
6_5962332,14.231727148901,6,5962332,CD,haldane,2,wt,center,center,shared
6_9497800,21.6630919978488,6,9497800,CD,haldane,2,wt,center,center,shared
6_10109891,22.99453972021,6,10109891,CD,haldane,2,wt,center,center,shared
6_10203287,22.9945397702104,6,10203287,CD,haldane,2,wt,center,center,shared
6_11335134,25.960663011967,6,11335134,CD,haldane,2,wt,center,center,shared
6_11536766,26.6540858871595,6,11536766,CD,haldane,2,wt,center,center,shared
6_12027560,28.0818886243214,6,12027560,CD,haldane,2,wt,center,center,shared
6_13184104,32.7293336473376,6,13184104,CD,haldane,2,wt,center,center,shared
6_14138525,35.9710992095497,6,14138525,CD,haldane,2,wt,right_arm,arm,shared
6_14175317,35.9710992595356,6,14175317,CD,haldane,2,wt,right_arm,arm,shared
6_16709753,45.7492696945847,6,16709753,CD,haldane,2,wt,right_arm,arm,shared
6_17472224,45.749269744585,6,17472224,CD,haldane,2,wt,right_tip,tip,shared
6_17482572,45.7492697945854,6,17482572,CD,haldane,2,wt,right_tip,tip,shared
6_17529504,45.7492698445858,6,17529504,CD,haldane,2,wt,right_tip,tip,shared
1_13956,0,1,13956,EF,haldane,1,mut,left_tip,tip,unshared
1_21431,5.00003807246685e-08,1,21431,EF,haldane,1,mut,left_tip,tip,unshared
1_63684,1.00000761449337e-07,1,63684,EF,haldane,1,mut,left_tip,tip,unshared
1_302902,1.49999323184602e-07,1,302902,EF,haldane,1,mut,left_tip,tip,unshared
1_854591,4.79753563027225,1,854591,EF,haldane,1,mut,left_arm,arm,unshared
1_868693,4.79753568027263,1,868693,EF,haldane,1,mut,left_arm,arm,unshared
1_1432630,10.6031693881996,1,1432630,EF,haldane,1,mut,left_arm,arm,unshared
1_2201824,19.6030566053487,1,2201824,EF,haldane,1,mut,left_arm,arm,unshared
1_2621617,24.8161182216045,1,2621617,EF,haldane,1,mut,left_arm,arm,unshared
1_2638960,25.3883080305805,1,2638960,EF,haldane,1,mut,left_arm,arm,unshared
1_2654180,25.3883080805808,1,2654180,EF,haldane,1,mut,left_arm,arm,unshared
1_2701043,26.0565084164737,1,2701043,EF,haldane,1,mut,left_arm,arm,unshared
1_4636178,65.6160615619283,1,4636178,EF,haldane,1,mut,center,center,shared
1_4899223,67.601509144537,1,4899223,EF,haldane,1,mut,center,center,shared
1_4919643,67.6015091945374,1,4919643,EF,haldane,1,mut,center,center,shared
1_5119694,69.6619315170392,1,5119694,EF,haldane,1,mut,center,center,shared
1_5225814,69.6619315670396,1,5225814,EF,haldane,1,mut,center,center,shared
1_5241694,69.6619316170381,1,5241694,EF,haldane,1,mut,center,center,shared
1_5485789,72.4673323643892,1,5485789,EF,haldane,1,mut,center,center,shared
1_6720078,92.7604490207414,1,6720078,EF,haldane,1,mut,center,center,shared
1_7328409,93.4007924650305,1,7328409,EF,haldane,1,mut,center,center,shared
1_7491147,93.4007925150308,1,7491147,EF,haldane,1,mut,center,center,shared
1_7511486,93.4007925650312,1,7511486,EF,haldane,1,mut,center,center,shared
1_7832871,97.4558210865216,1,7832871,EF,haldane,1,mut,center,center,shared
1_8195048,98.9605573155968,1,8195048,EF,haldane,1,mut,center,center,shared
1_8553974,100.263276757936,1,8553974,EF,haldane,1,mut,center,center,shared
1_8729236,100.263276807935,1,8729236,EF,haldane,1,mut,center,center,shared
1_11744848,107.475906277516,1,11744848,EF,haldane,1,mut,right_arm,arm,shared
1_13252681,111.215595932657,1,13252681,EF,haldane,1,mut,right_arm,arm,shared
1_14177786,113.248536159797,1,14177786,EF,haldane,1,mut,right_arm,arm,shared
1_14466584,113.248536209798,1,14466584,EF,haldane,1,mut,right_arm,arm,shared
2_57699,0,2,57699,EF,haldane,1,mut,left_tip,tip,shared
2_165253,5.00003807246685e-08,2,165253,EF,haldane,1,mut,left_tip,tip,shared
2_466622,1.36719266068394,2,466622,EF,haldane,1,mut,left_arm,arm,shared
2_536243,1.3671928668482,2,536243,EF,haldane,1,mut,left_arm,arm,shared
2_601864,1.90947928571404,2,601864,EF,haldane,1,mut,left_arm,arm,shared
2_640678,1.90947933571442,2,640678,EF,haldane,1,mut,left_arm,arm,shared
2_2787490,8.8880863827726,2,2787490,EF,haldane,1,mut,left_arm,arm,unshared
2_3794476,11.3974052771882,2,3794476,EF,haldane,1,mut,left_arm,arm,unshared
2_3951443,12.5931160898763,2,3951443,EF,haldane,1,mut,left_arm,arm,unshared
2_4391594,15.1613616457034,2,4391594,EF,haldane,1,mut,left_arm,arm,shared
2_8336369,34.2483044495748,2,8336369,EF,haldane,1,mut,center,center,shared
2_9750616,47.1557485426965,2,9750616,EF,haldane,1,mut,center,center,shared
2_9912135,50.3888623788807,2,9912135,EF,haldane,1,mut,center,center,shared
2_10520061,52.9469630091189,2,10520061,EF,haldane,1,mut,center,center,shared
2_11518821,61.9105957126812,2,11518821,EF,haldane,1,mut,center,center,unshared
2_12542769,75.9914854411545,2,12542769,EF,haldane,1,mut,right_arm,arm,unshared
2_12873945,77.8128306050785,2,12873945,EF,haldane,1,mut,right_arm,arm,unshared
2_13920199,98.2449147369407,2,13920199,EF,haldane,1,mut,right_arm,arm,shared
2_14625147,102.941331876842,2,14625147,EF,haldane,1,mut,right_arm,arm,shared
2_14911071,102.941331926842,2,14911071,EF,haldane,1,mut,right_arm,arm,shared
3_670350,0,3,670350,EF,haldane,1,mut,left_arm,arm,shared
3_985212,0.62587527546566,3,985212,EF,haldane,1,mut,left_arm,arm,shared
3_1076069,1.24386040016543,3,1076069,EF,haldane,1,mut,left_arm,arm,shared
3_1475831,3.08870181965176,3,1475831,EF,haldane,1,mut,left_arm,arm,unshared
3_1499754,3.08870186959393,3,1499754,EF,haldane,1,mut,left_arm,arm,unshared
3_1855533,4.93324774038047,3,1855533,EF,haldane,1,mut,left_arm,arm,unshared
3_1926484,4.93324779032264,3,1926484,EF,haldane,1,mut,left_arm,arm,unshared
3_2746534,8.78329517284874,3,2746534,EF,haldane,1,mut,left_arm,arm,unshared
3_4189252,27.8585590546718,3,4189252,EF,haldane,1,mut,center,center,unshared
3_4276393,29.1188250503037,3,4276393,EF,haldane,1,mut,center,center,shared
3_5427580,33.3929872490699,3,5427580,EF,haldane,1,mut,center,center,shared
3_5438354,33.392987299012,3,5438354,EF,haldane,1,mut,center,center,shared
3_5747795,37.0436923915986,3,5747795,EF,haldane,1,mut,center,center,shared
3_7343795,51.6784901365172,3,7343795,EF,haldane,1,mut,center,center,unshared
3_9594378,65.843163427664,3,9594378,EF,haldane,1,mut,center,center,unshared
3_10804918,83.2323706340976,3,10804918,EF,haldane,1,mut,right_arm,arm,unshared
3_11230824,86.8935808558017,3,11230824,EF,haldane,1,mut,right_arm,arm,shared
3_11612966,89.3482017548522,3,11612966,EF,haldane,1,mut,right_arm,arm,unshared
3_11760980,90.5075434402097,3,11760980,EF,haldane,1,mut,right_arm,arm,shared
3_12559164,105.819533851813,3,12559164,EF,haldane,1,mut,right_arm,arm,shared
3_12775672,107.416921516182,3,12775672,EF,haldane,1,mut,right_arm,arm,shared
3_13168886,108.199783174437,3,13168886,EF,haldane,1,mut,right_arm,arm,shared
3_13618526,108.199783224496,3,13618526,EF,haldane,1,mut,right_tip,tip,shared
3_13655885,108.199783274438,3,13655885,EF,haldane,1,mut,right_tip,tip,shared
4_1497273,0,4,1497273,EF,haldane,1,mut,left_arm,arm,shared
4_1786584,2.78313276381232,4,1786584,EF,haldane,1,mut,left_arm,arm,shared
4_1983489,6.18811077577993,4,1983489,EF,haldane,1,mut,left_arm,arm,shared
4_1985041,6.70810355409049,4,1985041,EF,haldane,1,mut,left_arm,arm,shared
4_2594788,11.1626334956381,4,2594788,EF,haldane,1,mut,left_arm,arm,unshared
4_2594789,11.1626335454639,4,2594789,EF,haldane,1,mut,left_arm,arm,unshared
4_2705926,13.6378541239537,4,2705926,EF,haldane,1,mut,left_arm,arm,shared
4_2718822,13.6378541740123,4,2718822,EF,haldane,1,mut,left_arm,arm,shared
4_2726812,13.6378542238381,4,2726812,EF,haldane,1,mut,left_arm,arm,shared
4_2772696,13.6378542738967,4,2772696,EF,haldane,1,mut,left_arm,arm,shared
4_3355252,16.473136191722,4,3355252,EF,haldane,1,mut,left_arm,arm,shared
4_4814509,29.827893627109,4,4814509,EF,haldane,1,mut,center,center,shared
4_4819907,29.8278936771676,4,4819907,EF,haldane,1,mut,center,center,shared
4_4844241,29.8278937269934,4,4844241,EF,haldane,1,mut,center,center,shared
4_4893713,29.8278937770519,4,4893713,EF,haldane,1,mut,center,center,shared
4_6216027,35.9472844414413,4,6216027,EF,haldane,1,mut,center,center,shared
4_7467749,42.9066245297436,4,7467749,EF,haldane,1,mut,center,center,unshared
4_8714588,48.8010975301731,4,8714588,EF,haldane,1,mut,center,center,unshared
4_9580395,53.6318783792667,4,9580395,EF,haldane,1,mut,center,center,unshared
4_10124331,56.5656753613148,4,10124331,EF,haldane,1,mut,center,center,unshared
4_10390726,59.7108152841684,4,10390726,EF,haldane,1,mut,center,center,unshared
4_11628921,69.5856839732733,4,11628921,EF,haldane,1,mut,center,center,unshared
4_12834338,75.0880229349714,4,12834338,EF,haldane,1,mut,center,center,unshared
4_12909247,76.9576763156802,4,12909247,EF,haldane,1,mut,center,center,shared
4_13532487,78.1902847914025,4,13532487,EF,haldane,1,mut,right_arm,arm,shared
4_14432471,84.9894513057079,4,14432471,EF,haldane,1,mut,right_arm,arm,unshared
4_14988011,87.2163470024243,4,14988011,EF,haldane,1,mut,right_arm,arm,unshared
4_15093025,87.2163470524829,4,15093025,EF,haldane,1,mut,right_arm,arm,unshared
4_15410100,88.6492588957772,4,15410100,EF,haldane,1,mut,right_arm,arm,shared
4_15410121,88.6492589458358,4,15410121,EF,haldane,1,mut,right_arm,arm,shared
4_15921742,90.7523933874909,4,15921742,EF,haldane,1,mut,right_arm,arm,unshared
4_16602334,94.0179042411037,4,16602334,EF,haldane,1,mut,right_arm,arm,shared
4_16827449,95.5915262948256,4,16827449,EF,haldane,1,mut,right_arm,arm,shared
4_16874792,95.5915263446514,4,16874792,EF,haldane,1,mut,right_arm,arm,shared
4_17283625,97.6687073127832,4,17283625,EF,haldane,1,mut,right_tip,tip,shared
4_17341761,97.6687073628418,4,17341761,EF,haldane,1,mut,right_tip,tip,shared
4_17413128,97.6687074126676,4,17413128,EF,haldane,1,mut,right_tip,tip,shared
5_1348897,0,5,1348897,EF,haldane,1,mut,left_arm,arm,shared
5_2040937,10.2455720475409,5,2040937,EF,haldane,1,mut,left_arm,arm,shared
5_2582206,12.2667553203646,5,2582206,EF,haldane,1,mut,left_arm,arm,shared
5_2648228,12.2667553704232,5,2648228,EF,haldane,1,mut,left_arm,arm,shared
5_3271567,19.1801853848156,5,3271567,EF,haldane,1,mut,left_arm,arm,shared
5_5394541,41.4379633439239,5,5394541,EF,haldane,1,mut,center,center,shared
5_5601580,41.9910862827674,5,5601580,EF,haldane,1,mut,center,center,shared
5_6046042,44.7113211567048,5,6046042,EF,haldane,1,mut,center,center,shared
5_6924545,46.7865267554298,5,6924545,EF,haldane,1,mut,center,center,shared
5_13399267,73.6364302202128,5,13399267,EF,haldane,1,mut,center,center,unshared
5_14381063,77.0710980799049,5,14381063,EF,haldane,1,mut,center,center,shared
5_15258947,79.1611300578807,5,15258947,EF,haldane,1,mut,center,center,shared
5_15326047,79.1611301077064,5,15326047,EF,haldane,1,mut,center,center,shared
5_16217279,82.2690265148412,5,16217279,EF,haldane,1,mut,center,center,shared
5_16466574,82.8484471621923,5,16466574,EF,haldane,1,mut,center,center,shared
5_16471163,82.8484472122509,5,16471163,EF,haldane,1,mut,center,center,shared
5_16606773,82.8484472623095,5,16606773,EF,haldane,1,mut,right_arm,arm,shared
5_16775970,85.1338853647467,5,16775970,EF,haldane,1,mut,right_arm,arm,unshared
5_16922990,85.8598562600091,5,16922990,EF,haldane,1,mut,right_arm,arm,unshared
5_17098948,85.8598563417327,5,17098948,EF,haldane,1,mut,right_arm,arm,unshared
5_17338121,85.8598563917913,5,17338121,EF,haldane,1,mut,right_arm,arm,shared
5_17338145,85.8598564418499,5,17338145,EF,haldane,1,mut,right_arm,arm,shared
5_17367917,85.8598564919084,5,17367917,EF,haldane,1,mut,right_arm,arm,shared
5_17372591,85.8598565417342,5,17372591,EF,haldane,1,mut,right_arm,arm,shared
5_17495041,85.8598565917928,5,17495041,EF,haldane,1,mut,right_arm,arm,unshared
5_17658983,86.4380268978421,5,17658983,EF,haldane,1,mut,right_arm,arm,unshared
5_17673395,86.4380273881834,5,17673395,EF,haldane,1,mut,right_arm,arm,unshared
5_18851085,90.2385837724432,5,18851085,EF,haldane,1,mut,right_arm,arm,unshared
5_18895265,90.2385838225018,5,18895265,EF,haldane,1,mut,right_arm,arm,shared
5_19787790,90.8193511916325,5,19787790,EF,haldane,1,mut,right_arm,arm,unshared
6_89076,0,6,89076,EF,haldane,1,mut,left_tip,tip,shared
6_1502703,0.724822053147364,6,1502703,EF,haldane,1,mut,left_arm,arm,shared
6_1918243,2.03342283607344,6,1918243,EF,haldane,1,mut,left_arm,arm,shared
6_5958146,30.4772981383139,6,5958146,EF,haldane,1,mut,center,center,shared
6_5958315,30.4772981883143,6,5958315,EF,haldane,1,mut,center,center,shared
6_5962332,30.4772982383147,6,5962332,EF,haldane,1,mut,center,center,shared
6_7747379,34.2334871674248,6,7747379,EF,haldane,1,mut,center,center,unshared
6_8188952,36.8123748674698,6,8188952,EF,haldane,1,mut,center,center,unshared
6_9497800,46.6699226956553,6,9497800,EF,haldane,1,mut,center,center,shared
6_10109891,48.2415580925153,6,10109891,EF,haldane,1,mut,center,center,shared
6_10203287,48.9391099501372,6,10203287,EF,haldane,1,mut,center,center,shared
6_11335134,57.7676104394632,6,11335134,EF,haldane,1,mut,center,center,shared
6_11536766,59.2758149208239,6,11536766,EF,haldane,1,mut,center,center,shared
6_12027560,63.3714828479133,6,12027560,EF,haldane,1,mut,center,center,shared
6_13184104,67.7188254858338,6,13184104,EF,haldane,1,mut,center,center,shared
6_14138525,72.1242244593595,6,14138525,EF,haldane,1,mut,right_arm,arm,shared
6_14175317,72.1242245093599,6,14175317,EF,haldane,1,mut,right_arm,arm,shared
6_16709753,78.0221427034703,6,16709753,EF,haldane,1,mut,right_arm,arm,shared
6_17472224,78.6585898098565,6,17472224,EF,haldane,1,mut,right_tip,tip,shared
6_17482572,78.6585898598569,6,17482572,EF,haldane,1,mut,right_tip,tip,shared
6_17529504,78.6585899098573,6,17529504,EF,haldane,1,mut,right_tip,tip,shared
1_13956,0,1,13956,EFGH,haldane,consensus,mut,left_tip,tip,unshared
1_21431,5.00003807246685e-08,1,21431,EFGH,haldane,consensus,mut,left_tip,tip,unshared
1_63684,1.00000761449337e-07,1,63684,EFGH,haldane,consensus,mut,left_tip,tip,unshared
1_302902,1.49999323184602e-07,1,302902,EFGH,haldane,consensus,mut,left_tip,tip,unshared
1_854591,4.79307842896742,1,854591,EFGH,haldane,consensus,mut,left_arm,arm,unshared
1_868693,4.79307847896598,1,868693,EFGH,haldane,consensus,mut,left_arm,arm,unshared
1_1140819,9.8391201679442,1,1140819,EFGH,haldane,consensus,mut,left_arm,arm,unshared
1_1289765,10.5346658649596,1,1289765,EFGH,haldane,consensus,mut,left_arm,arm,unshared
1_1432630,10.5346674198627,1,1432630,EFGH,haldane,consensus,mut,left_arm,arm,unshared
1_2201824,19.4431868376723,1,2201824,EFGH,haldane,consensus,mut,left_arm,arm,unshared
1_2428644,24.6067277064012,1,2428644,EFGH,haldane,consensus,mut,left_arm,arm,unshared
1_2621617,24.6067277564016,1,2621617,EFGH,haldane,consensus,mut,left_arm,arm,unshared
1_2638960,25.1546859136379,1,2638960,EFGH,haldane,consensus,mut,left_arm,arm,unshared
1_2654180,25.1546859636383,1,2654180,EFGH,haldane,consensus,mut,left_arm,arm,unshared
1_2701043,25.7959721110383,1,2701043,EFGH,haldane,consensus,mut,left_arm,arm,unshared
1_2789837,26.6699301460485,1,2789837,EFGH,haldane,consensus,mut,left_arm,arm,unshared
1_4636178,57.8962188152618,1,4636178,EFGH,haldane,consensus,mut,center,center,shared
1_4899223,60.0227155457233,1,4899223,EFGH,haldane,consensus,mut,center,center,shared
1_4919643,60.3595248417314,1,4919643,EFGH,haldane,consensus,mut,center,center,shared
1_5119694,61.4147988708319,1,5119694,EFGH,haldane,consensus,mut,center,center,shared
1_5225814,61.7590100558355,1,5225814,EFGH,haldane,consensus,mut,center,center,shared
1_5241694,61.759010105834,1,5241694,EFGH,haldane,consensus,mut,center,center,shared
1_5485789,63.1799155636218,1,5485789,EFGH,haldane,consensus,mut,center,center,shared
1_6720078,79.0532827962161,1,6720078,EFGH,haldane,consensus,mut,center,center,shared
1_7328409,82.3641712331046,1,7328409,EFGH,haldane,consensus,mut,center,center,shared
1_7491147,82.364171283105,1,7491147,EFGH,haldane,consensus,mut,center,center,shared
1_7511486,82.3641713331053,1,7511486,EFGH,haldane,consensus,mut,center,center,shared
1_7832871,85.088285693957,1,7832871,EFGH,haldane,consensus,mut,center,center,shared
1_8195048,87.7958736244164,1,8195048,EFGH,haldane,consensus,mut,center,center,shared
1_8553974,89.9143043317217,1,8553974,EFGH,haldane,consensus,mut,center,center,shared
1_8729236,90.6371598344958,1,8729236,EFGH,haldane,consensus,mut,center,center,shared
1_11744848,100.882744299121,1,11744848,EFGH,haldane,consensus,mut,right_arm,arm,shared
1_13252681,107.317862376436,1,13252681,EFGH,haldane,consensus,mut,right_arm,arm,shared
1_14177786,108.464116931214,1,14177786,EFGH,haldane,consensus,mut,right_arm,arm,shared
1_14466584,109.28830626347,1,14466584,EFGH,haldane,consensus,mut,right_arm,arm,shared
2_57699,0,2,57699,EFGH,haldane,consensus,mut,left_tip,tip,shared
2_165253,5.00003807246685e-08,2,165253,EFGH,haldane,consensus,mut,left_tip,tip,shared
2_466622,2.30115395660687,2,466622,EFGH,haldane,consensus,mut,left_arm,arm,shared
2_536243,2.30115400660725,2,536243,EFGH,haldane,consensus,mut,left_arm,arm,shared
2_601864,2.82078475903836,2,601864,EFGH,haldane,consensus,mut,left_arm,arm,shared
2_640678,2.82078480903874,2,640678,EFGH,haldane,consensus,mut,left_arm,arm,shared
2_1661378,3.34454837850353,2,1661378,EFGH,haldane,consensus,mut,left_arm,arm,unshared
2_2787490,10.1727085958701,2,2787490,EFGH,haldane,consensus,mut,left_arm,arm,unshared
2_3740031,11.1013401221935,2,3740031,EFGH,haldane,consensus,mut,left_arm,arm,unshared
2_3794476,12.7807970680733,2,3794476,EFGH,haldane,consensus,mut,left_arm,arm,unshared
2_3951443,14.0316198365472,2,3951443,EFGH,haldane,consensus,mut,left_arm,arm,unshared
2_4311371,15.3319384740244,2,4311371,EFGH,haldane,consensus,mut,left_arm,arm,unshared
2_4391594,16.6805580155342,2,4391594,EFGH,haldane,consensus,mut,left_arm,arm,shared
2_5814837,24.7954262781859,2,5814837,EFGH,haldane,consensus,mut,center,center,unshared
2_6829737,29.8746243381029,2,6829737,EFGH,haldane,consensus,mut,center,center,unshared
2_7738506,35.0477388852305,2,7738506,EFGH,haldane,consensus,mut,center,center,unshared
2_7846567,35.0477389352309,2,7846567,EFGH,haldane,consensus,mut,center,center,unshared
2_8336369,38.0553353528449,2,8336369,EFGH,haldane,consensus,mut,center,center,shared
2_9750616,49.6639221698861,2,9750616,EFGH,haldane,consensus,mut,center,center,shared
2_9912135,51.4238951724183,2,9912135,EFGH,haldane,consensus,mut,center,center,shared
2_10520061,53.9531872931111,2,10520061,EFGH,haldane,consensus,mut,center,center,shared
2_11518821,63.6922349199595,2,11518821,EFGH,haldane,consensus,mut,center,center,unshared
2_12449857,79.3527142804087,2,12449857,EFGH,haldane,consensus,mut,right_arm,arm,unshared
2_12489620,79.3527143304091,2,12489620,EFGH,haldane,consensus,mut,right_arm,arm,unshared
2_12542769,79.3527147136629,2,12542769,EFGH,haldane,consensus,mut,right_arm,arm,unshared
2_12873945,81.221576312877,2,12873945,EFGH,haldane,consensus,mut,right_arm,arm,unshared
2_12998899,83.9019080996004,2,12998899,EFGH,haldane,consensus,mut,right_arm,arm,unshared
2_13920199,102.113950119579,2,13920199,EFGH,haldane,consensus,mut,right_arm,arm,shared
2_14625147,108.985191646832,2,14625147,EFGH,haldane,consensus,mut,right_arm,arm,shared
2_14911071,108.985191696833,2,14911071,EFGH,haldane,consensus,mut,right_arm,arm,shared
3_138965,0,3,138965,EFGH,haldane,consensus,mut,left_tip,tip,unshared
3_180959,5.00003807246685e-08,3,180959,EFGH,haldane,consensus,mut,left_tip,tip,unshared
3_180961,1.00000761449337e-07,3,180961,EFGH,haldane,consensus,mut,left_tip,tip,unshared
3_195685,1.50001142174006e-07,3,195685,EFGH,haldane,consensus,mut,left_tip,tip,unshared
3_670350,2.00001522898674e-07,3,670350,EFGH,haldane,consensus,mut,left_arm,arm,shared
3_985212,0.612508425983833,3,985212,EFGH,haldane,consensus,mut,left_arm,arm,shared
3_1076069,0.910608176869573,3,1076069,EFGH,haldane,consensus,mut,left_arm,arm,shared
3_1191201,0.910608226869954,3,1191201,EFGH,haldane,consensus,mut,left_arm,arm,unshared
3_1320854,0.910608276870335,3,1320854,EFGH,haldane,consensus,mut,left_arm,arm,unshared
3_1475831,2.71776701253839,3,1475831,EFGH,haldane,consensus,mut,left_arm,arm,unshared
3_1499754,2.71776706253877,3,1499754,EFGH,haldane,consensus,mut,left_arm,arm,unshared
3_1855533,4.5244196880376,3,1855533,EFGH,haldane,consensus,mut,left_arm,arm,unshared
3_1926484,4.52441973803798,3,1926484,EFGH,haldane,consensus,mut,left_arm,arm,unshared
3_2544231,6.86850705798133,3,2544231,EFGH,haldane,consensus,mut,left_arm,arm,unshared
3_2619787,8.21767510208883,3,2619787,EFGH,haldane,consensus,mut,left_arm,arm,unshared
3_2668914,8.21767515208921,3,2668914,EFGH,haldane,consensus,mut,left_arm,arm,unshared
3_2746534,8.2176752020896,3,2746534,EFGH,haldane,consensus,mut,left_arm,arm,unshared
3_3484584,13.8814617735334,3,3484584,EFGH,haldane,consensus,mut,left_arm,arm,unshared
3_4189252,21.4759934960457,3,4189252,EFGH,haldane,consensus,mut,center,center,unshared
3_4276393,22.5157634073112,3,4276393,EFGH,haldane,consensus,mut,center,center,shared
3_5427580,27.5699674644857,3,5427580,EFGH,haldane,consensus,mut,center,center,shared
3_5438354,27.5699675144861,3,5438354,EFGH,haldane,consensus,mut,center,center,shared
3_5747795,30.3473520279222,3,5747795,EFGH,haldane,consensus,mut,center,center,shared
3_5838259,33.0540901721106,3,5838259,EFGH,haldane,consensus,mut,center,center,unshared
3_7343795,45.0071579714422,3,7343795,EFGH,haldane,consensus,mut,center,center,unshared
3_8808084,53.9939129492268,3,8808084,EFGH,haldane,consensus,mut,center,center,unshared
3_8905363,54.6665513130138,3,8905363,EFGH,haldane,consensus,mut,center,center,unshared
3_9594378,58.7504718785931,3,9594378,EFGH,haldane,consensus,mut,center,center,unshared
3_10009386,65.1642733873159,3,10009386,EFGH,haldane,consensus,mut,center,center,unshared
3_10744887,71.1583285432716,3,10744887,EFGH,haldane,consensus,mut,right_arm,arm,unshared
3_10804918,75.0566810581659,3,10804918,EFGH,haldane,consensus,mut,right_arm,arm,unshared
3_11230824,78.7800135348807,3,11230824,EFGH,haldane,consensus,mut,right_arm,arm,shared
3_11359164,79.828950392839,3,11359164,EFGH,haldane,consensus,mut,right_arm,arm,unshared
3_11612966,81.5864682562824,3,11612966,EFGH,haldane,consensus,mut,right_arm,arm,unshared
3_11760980,83.3275092703116,3,11760980,EFGH,haldane,consensus,mut,right_arm,arm,shared
3_12559164,95.8942333891173,3,12559164,EFGH,haldane,consensus,mut,right_arm,arm,shared
3_12775672,97.1683281961887,3,12775672,EFGH,haldane,consensus,mut,right_arm,arm,shared
3_13168886,98.9039888645348,3,13168886,EFGH,haldane,consensus,mut,right_arm,arm,shared
3_13618526,99.2258151854621,3,13618526,EFGH,haldane,consensus,mut,right_tip,tip,shared
3_13655885,99.2258152354625,3,13655885,EFGH,haldane,consensus,mut,right_tip,tip,shared
4_1277948,0,4,1277948,EFGH,haldane,consensus,mut,left_arm,arm,unshared
4_1497273,0.659519023494795,4,1497273,EFGH,haldane,consensus,mut,left_arm,arm,shared
4_1786584,3.85988745535724,4,1786584,EFGH,haldane,consensus,mut,left_arm,arm,shared
4_1983489,7.04651904501952,4,1983489,EFGH,haldane,consensus,mut,left_arm,arm,shared
4_1985041,7.36420081090182,4,1985041,EFGH,haldane,consensus,mut,left_arm,arm,shared
4_2594788,12.9977529153693,4,2594788,EFGH,haldane,consensus,mut,left_arm,arm,unshared
4_2594789,12.9977529654279,4,2594789,EFGH,haldane,consensus,mut,left_arm,arm,unshared
4_2705926,16.0899214174133,4,2705926,EFGH,haldane,consensus,mut,left_arm,arm,shared
4_2718822,16.089921467239,4,2718822,EFGH,haldane,consensus,mut,left_arm,arm,shared
4_2726812,16.0899215172976,4,2726812,EFGH,haldane,consensus,mut,left_arm,arm,shared
4_2772696,16.0899215673562,4,2772696,EFGH,haldane,consensus,mut,left_arm,arm,shared
4_3355252,20.7849456479307,4,3355252,EFGH,haldane,consensus,mut,left_arm,arm,shared
4_4814509,32.8395132843871,4,4814509,EFGH,haldane,consensus,mut,center,center,shared
4_4819907,32.8395133342128,4,4819907,EFGH,haldane,consensus,mut,center,center,shared
4_4844241,32.8395133842714,4,4844241,EFGH,haldane,consensus,mut,center,center,shared
4_4893713,32.83951343433,4,4893713,EFGH,haldane,consensus,mut,center,center,shared
4_6216027,41.2072879769839,4,6216027,EFGH,haldane,consensus,mut,center,center,shared
4_7467749,49.0757331671193,4,7467749,EFGH,haldane,consensus,mut,center,center,unshared
4_7924587,52.1448647833895,4,7924587,EFGH,haldane,consensus,mut,center,center,unshared
4_8433580,55.7057016650215,4,8433580,EFGH,haldane,consensus,mut,center,center,unshared
4_8714588,55.7057017737534,4,8714588,EFGH,haldane,consensus,mut,center,center,unshared
4_9580395,60.1536488928832,4,9580395,EFGH,haldane,consensus,mut,center,center,unshared
4_10124331,63.0179458982311,4,10124331,EFGH,haldane,consensus,mut,center,center,unshared
4_10390726,66.090570686385,4,10390726,EFGH,haldane,consensus,mut,center,center,unshared
4_11628921,75.6624391216319,4,11628921,EFGH,haldane,consensus,mut,center,center,unshared
4_12834338,80.9986973353662,4,12834338,EFGH,haldane,consensus,mut,center,center,unshared
4_12909247,82.8230497948825,4,12909247,EFGH,haldane,consensus,mut,center,center,shared
4_13532487,86.2628618478775,4,13532487,EFGH,haldane,consensus,mut,right_arm,arm,shared
4_14432471,92.9027200434357,4,14432471,EFGH,haldane,consensus,mut,right_arm,arm,unshared
4_14988011,95.0834387848154,4,14988011,EFGH,haldane,consensus,mut,right_arm,arm,unshared
4_15093025,95.083438834874,4,15093025,EFGH,haldane,consensus,mut,right_arm,arm,unshared
4_15410100,96.5148462122306,4,15410100,EFGH,haldane,consensus,mut,right_arm,arm,shared
4_15410121,96.5148462620564,4,15410121,EFGH,haldane,consensus,mut,right_arm,arm,shared
4_15921742,98.3253789145965,4,15921742,EFGH,haldane,consensus,mut,right_arm,arm,unshared
4_16602334,101.296883531148,4,16602334,EFGH,haldane,consensus,mut,right_arm,arm,shared
4_16827449,102.053723204182,4,16827449,EFGH,haldane,consensus,mut,right_arm,arm,shared
4_16874792,102.053723254008,4,16874792,EFGH,haldane,consensus,mut,right_arm,arm,shared
4_17283625,106.43334402144,4,17283625,EFGH,haldane,consensus,mut,right_tip,tip,shared
4_17341761,106.433344071498,4,17341761,EFGH,haldane,consensus,mut,right_tip,tip,shared
4_17413128,106.433344121557,4,17413128,EFGH,haldane,consensus,mut,right_tip,tip,shared
5_1348897,0,5,1348897,EFGH,haldane,consensus,mut,left_arm,arm,shared
5_2040937,8.70488419267349,5,2040937,EFGH,haldane,consensus,mut,left_arm,arm,shared
5_2582206,10.459533262765,5,2582206,EFGH,haldane,consensus,mut,left_arm,arm,shared
5_2648228,10.7958536900114,5,2648228,EFGH,haldane,consensus,mut,left_arm,arm,shared
5_3271567,17.1572628950235,5,3271567,EFGH,haldane,consensus,mut,left_arm,arm,shared
5_5394541,35.9284097608179,5,5394541,EFGH,haldane,consensus,mut,center,center,shared
5_5601580,36.1477976290044,5,5601580,EFGH,haldane,consensus,mut,center,center,shared
5_6046042,38.5808364616241,5,6046042,EFGH,haldane,consensus,mut,center,center,shared
5_6924545,40.7446447836701,5,6924545,EFGH,haldane,consensus,mut,center,center,shared
5_7354179,43.4130453749094,5,7354179,EFGH,haldane,consensus,mut,center,center,unshared
5_13399267,82.8162358447444,5,13399267,EFGH,haldane,consensus,mut,center,center,unshared
5_14381063,86.6112234739121,5,14381063,EFGH,haldane,consensus,mut,center,center,shared
5_15258947,90.2575013267342,5,15258947,EFGH,haldane,consensus,mut,center,center,shared
5_15326047,90.4906911035068,5,15326047,EFGH,haldane,consensus,mut,center,center,shared
5_16217279,92.2778412404005,5,16217279,EFGH,haldane,consensus,mut,center,center,shared
5_16466574,92.8239985853434,5,16466574,EFGH,haldane,consensus,mut,center,center,shared
5_16471163,93.2112216833048,5,16471163,EFGH,haldane,consensus,mut,center,center,shared
5_16606773,93.2112217333633,5,16606773,EFGH,haldane,consensus,mut,right_arm,arm,shared
5_16775970,94.4610413273331,5,16775970,EFGH,haldane,consensus,mut,right_arm,arm,unshared
5_16922990,94.8699917900376,5,16922990,EFGH,haldane,consensus,mut,right_arm,arm,unshared
5_17098948,94.8699930470903,5,17098948,EFGH,haldane,consensus,mut,right_arm,arm,unshared
5_17338121,94.8699930971488,5,17338121,EFGH,haldane,consensus,mut,right_arm,arm,shared
5_17338145,94.8699931469746,5,17338145,EFGH,haldane,consensus,mut,right_arm,arm,shared
5_17367917,94.8699931970332,5,17367917,EFGH,haldane,consensus,mut,right_arm,arm,shared
5_17372591,94.8699932470918,5,17372591,EFGH,haldane,consensus,mut,right_arm,arm,shared
5_17495041,94.8699932971504,5,17495041,EFGH,haldane,consensus,mut,right_arm,arm,unshared
5_17658983,95.4056316090282,5,17658983,EFGH,haldane,consensus,mut,right_arm,arm,unshared
5_17673395,95.4056316688657,5,17673395,EFGH,haldane,consensus,mut,right_arm,arm,unshared
5_18076170,96.4232890019193,5,18076170,EFGH,haldane,consensus,mut,right_arm,arm,unshared
5_18128116,96.4232890517451,5,18128116,EFGH,haldane,consensus,mut,right_arm,arm,unshared
5_18678268,98.8377957523335,5,18678268,EFGH,haldane,consensus,mut,right_arm,arm,unshared
5_18851085,98.8377958023921,5,18851085,EFGH,haldane,consensus,mut,right_arm,arm,unshared
5_18895265,98.8377958524507,5,18895265,EFGH,haldane,consensus,mut,right_arm,arm,shared
5_18972060,98.8377959025092,5,18972060,EFGH,haldane,consensus,mut,right_arm,arm,unshared
5_19512476,98.837795952335,5,19512476,EFGH,haldane,consensus,mut,right_arm,arm,unshared
5_19787790,99.4184812936001,5,19787790,EFGH,haldane,consensus,mut,right_arm,arm,unshared
5_19938887,99.4330845945515,5,19938887,EFGH,haldane,consensus,mut,right_arm,arm,unshared
6_89076,0,6,89076,EFGH,haldane,consensus,mut,left_tip,tip,shared
6_1502703,0.369478160340805,6,1502703,EFGH,haldane,consensus,mut,left_arm,arm,shared
6_1918243,0.99355482365354,6,1918243,EFGH,haldane,consensus,mut,left_arm,arm,shared
6_5958146,20.9422292361123,6,5958146,EFGH,haldane,consensus,mut,center,center,shared
6_5958315,20.9422292861127,6,5958315,EFGH,haldane,consensus,mut,center,center,shared
6_5962332,20.9422293361131,6,5962332,EFGH,haldane,consensus,mut,center,center,shared
6_7747379,24.9057286087045,6,7747379,EFGH,haldane,consensus,mut,center,center,unshared
6_8188952,27.4871721522359,6,8188952,EFGH,haldane,consensus,mut,center,center,unshared
6_9497800,37.4207321052381,6,9497800,EFGH,haldane,consensus,mut,center,center,shared
6_10109891,39.7937389314466,6,10109891,EFGH,haldane,consensus,mut,center,center,shared
6_10203287,40.1594736633415,6,10203287,EFGH,haldane,consensus,mut,center,center,shared
6_11335134,50.3368121592939,6,11335134,EFGH,haldane,consensus,mut,center,center,shared
6_11536766,51.6924282459513,6,11536766,EFGH,haldane,consensus,mut,center,center,shared
6_12027560,54.2196827576991,6,12027560,EFGH,haldane,consensus,mut,center,center,shared
6_13184104,57.4294435349293,6,13184104,EFGH,haldane,consensus,mut,center,center,shared
6_14138525,61.9108606966765,6,14138525,EFGH,haldane,consensus,mut,right_arm,arm,shared
6_14175317,61.9108607466769,6,14175317,EFGH,haldane,consensus,mut,right_arm,arm,shared
6_16709753,67.0079326838459,6,16709753,EFGH,haldane,consensus,mut,right_arm,arm,shared
6_17472224,67.6831910653273,6,17472224,EFGH,haldane,consensus,mut,right_tip,tip,shared
6_17482572,67.6831911153277,6,17482572,EFGH,haldane,consensus,mut,right_tip,tip,shared
6_17529504,67.683191165328,6,17529504,EFGH,haldane,consensus,mut,right_tip,tip,shared
1_1140819,0,1,1140819,GH,haldane,2,mut,left_arm,arm,unshared
1_1289765,0.695529958000407,1,1289765,GH,haldane,2,mut,left_arm,arm,unshared
1_2428644,15.3287955448031,1,2428644,GH,haldane,2,mut,left_arm,arm,unshared
1_2789837,17.3229104126804,1,2789837,GH,haldane,2,mut,left_arm,arm,unshared
1_4636178,42.4583836609963,1,4636178,GH,haldane,2,mut,center,center,shared
1_4899223,44.7433193204925,1,4899223,GH,haldane,2,mut,center,center,shared
1_4919643,45.4716534346808,1,4919643,GH,haldane,2,mut,center,center,shared
1_5119694,45.4716534847394,1,5119694,GH,haldane,2,mut,center,center,shared
1_5225814,46.2001433651894,1,5225814,GH,haldane,2,mut,center,center,shared
1_5241694,46.2001434150152,1,5241694,GH,haldane,2,mut,center,center,shared
1_5485789,46.2001434650738,1,5485789,GH,haldane,2,mut,center,center,shared
1_6720078,57.8026258563623,1,6720078,GH,haldane,2,mut,center,center,shared
1_7328409,64.7031968652737,1,7328409,GH,haldane,2,mut,center,center,shared
1_7491147,64.7031969153322,1,7491147,GH,haldane,2,mut,center,center,shared
1_7511486,64.703196965158,1,7511486,GH,haldane,2,mut,center,center,shared
1_7832871,66.1977299980354,1,7832871,GH,haldane,2,mut,center,center,shared
1_8195048,70.1885984111577,1,8195048,GH,haldane,2,mut,center,center,shared
1_8553974,73.3014815521892,1,8553974,GH,haldane,2,mut,center,center,shared
1_8729236,74.855519763194,1,8729236,GH,haldane,2,mut,center,center,shared
1_11744848,89.6541444675531,1,11744848,GH,haldane,2,mut,right_arm,arm,shared
1_13252681,99.60670868936,1,13252681,GH,haldane,2,mut,right_arm,arm,shared
1_14177786,99.6067087394185,1,14177786,GH,haldane,2,mut,right_arm,arm,shared
1_14466584,101.338632449042,1,14466584,GH,haldane,2,mut,right_arm,arm,shared
2_57699,0,2,57699,GH,haldane,2,mut,left_tip,tip,shared
2_165253,5.00003807246685e-08,2,165253,GH,haldane,2,mut,left_tip,tip,shared
2_466622,3.47541720692971,2,466622,GH,haldane,2,mut,left_arm,arm,shared
2_536243,3.47541725693009,2,536243,GH,haldane,2,mut,left_arm,arm,shared
2_601864,3.47541730693047,2,601864,GH,haldane,2,mut,left_arm,arm,shared
2_640678,3.4754173647525,2,640678,GH,haldane,2,mut,left_arm,arm,shared
2_1661378,4.57290635794197,2,1661378,GH,haldane,2,mut,left_arm,arm,unshared
2_3740031,12.8564944249811,2,3740031,GH,haldane,2,mut,left_arm,arm,unshared
2_4311371,17.4207294423686,2,4311371,GH,haldane,2,mut,left_arm,arm,unshared
2_4391594,18.8313585945871,2,4391594,GH,haldane,2,mut,left_arm,arm,shared
2_5814837,27.961364759256,2,5814837,GH,haldane,2,mut,center,center,unshared
2_6829737,33.61843508319,2,6829737,GH,haldane,2,mut,center,center,unshared
2_7738506,39.3878353557375,2,7738506,GH,haldane,2,mut,center,center,unshared
2_7846567,39.3878354057379,2,7846567,GH,haldane,2,mut,center,center,unshared
2_8336369,42.6866386673937,2,8336369,GH,haldane,2,mut,center,center,shared
2_9750616,52.9821881778335,2,9750616,GH,haldane,2,mut,center,center,shared
2_9912135,52.9821882278338,2,9912135,GH,haldane,2,mut,center,center,shared
2_10520061,55.7789256378965,2,10520061,GH,haldane,2,mut,center,center,shared
2_12449857,89.0368485305808,2,12449857,GH,haldane,2,mut,right_arm,arm,unshared
2_12489620,89.0368485805811,2,12489620,GH,haldane,2,mut,right_arm,arm,unshared
2_12998899,93.8225989828352,2,12998899,GH,haldane,2,mut,right_arm,arm,unshared
2_13920199,112.507859204969,2,13920199,GH,haldane,2,mut,right_arm,arm,shared
2_14625147,122.775069295429,2,14625147,GH,haldane,2,mut,right_arm,arm,shared
2_14911071,122.775069345429,2,14911071,GH,haldane,2,mut,right_arm,arm,shared
3_138965,0,3,138965,GH,haldane,2,mut,left_tip,tip,unshared
3_180959,5.00003807246685e-08,3,180959,GH,haldane,2,mut,left_tip,tip,unshared
3_180961,1.00000761449337e-07,3,180961,GH,haldane,2,mut,left_tip,tip,unshared
3_195685,1.50001142174006e-07,3,195685,GH,haldane,2,mut,left_tip,tip,unshared
3_670350,2.00001522898674e-07,3,670350,GH,haldane,2,mut,left_arm,arm,shared
3_985212,0.599636211583857,3,985212,GH,haldane,2,mut,left_arm,arm,shared
3_1076069,0.599636261584237,3,1076069,GH,haldane,2,mut,left_arm,arm,shared
3_1191201,0.599636311584618,3,1191201,GH,haldane,2,mut,left_arm,arm,unshared
3_1320854,0.599636361584999,3,1320854,GH,haldane,2,mut,left_arm,arm,unshared
3_2544231,6.63281909740181,3,2544231,GH,haldane,2,mut,left_arm,arm,unshared
3_2619787,7.95615835144417,3,2619787,GH,haldane,2,mut,left_arm,arm,unshared
3_2668914,7.95615840144455,3,2668914,GH,haldane,2,mut,left_arm,arm,unshared
3_3484584,12.5259594243835,3,3484584,GH,haldane,2,mut,left_arm,arm,unshared
3_4276393,19.1237260275229,3,4276393,GH,haldane,2,mut,center,center,shared
3_5427580,24.9437670821499,3,5427580,GH,haldane,2,mut,center,center,shared
3_5438354,24.9437671321502,3,5438354,GH,haldane,2,mut,center,center,shared
3_5747795,26.9273619289743,3,5747795,GH,haldane,2,mut,center,center,shared
3_5838259,29.6707837632857,3,5838259,GH,haldane,2,mut,center,center,unshared
3_8808084,52.928967214044,3,8808084,GH,haldane,2,mut,center,center,unshared
3_8905363,53.6079513404111,3,8905363,GH,haldane,2,mut,center,center,unshared
3_10009386,64.761217410618,3,10009386,GH,haldane,2,mut,center,center,unshared
3_10744887,70.8369569455099,3,10744887,GH,haldane,2,mut,right_arm,arm,unshared
3_11230824,78.8445421358047,3,11230824,GH,haldane,2,mut,right_arm,arm,shared
3_11359164,80.0395625919628,3,11359164,GH,haldane,2,mut,right_arm,arm,unshared
3_11760980,84.269232383027,3,11760980,GH,haldane,2,mut,right_arm,arm,shared
3_12559164,94.6567116581427,3,12559164,GH,haldane,2,mut,right_arm,arm,shared
3_12775672,95.5521234642365,3,12775672,GH,haldane,2,mut,right_arm,arm,shared
3_13168886,98.4401402868098,3,13168886,GH,haldane,2,mut,right_arm,arm,shared
3_13618526,99.0377109720139,3,13618526,GH,haldane,2,mut,right_tip,tip,shared
3_13655885,99.0377110220143,3,13655885,GH,haldane,2,mut,right_tip,tip,shared
4_1277948,0,4,1277948,GH,haldane,2,mut,left_arm,arm,unshared
4_1497273,0.660500166006386,4,1497273,GH,haldane,2,mut,left_arm,arm,shared
4_1786584,4.30411857971922,4,1786584,GH,haldane,2,mut,left_arm,arm,shared
4_1983489,7.22922629932873,4,1983489,GH,haldane,2,mut,left_arm,arm,shared
4_1985041,7.22922634938732,4,1985041,GH,haldane,2,mut,left_arm,arm,shared
4_2705926,19.1264973504003,4,2705926,GH,haldane,2,mut,left_arm,arm,shared
4_2718822,19.1264974004589,4,2718822,GH,haldane,2,mut,left_arm,arm,shared
4_2726812,19.1264974505175,4,2726812,GH,haldane,2,mut,left_arm,arm,shared
4_2772696,19.1264975003433,4,2772696,GH,haldane,2,mut,left_arm,arm,shared
4_3355252,26.204209122574,4,3355252,GH,haldane,2,mut,left_arm,arm,shared
4_4814509,36.7945854514837,4,4814509,GH,haldane,2,mut,center,center,shared
4_4819907,36.7945855015423,4,4819907,GH,haldane,2,mut,center,center,shared
4_4844241,36.7945855516009,4,4844241,GH,haldane,2,mut,center,center,shared
4_4893713,36.7945856014267,4,4893713,GH,haldane,2,mut,center,center,shared
4_6216027,47.8600595619064,4,6216027,GH,haldane,2,mut,center,center,shared
4_7924587,61.2585350647569,4,7924587,GH,haldane,2,mut,center,center,unshared
4_8433580,65.171175371157,4,8433580,GH,haldane,2,mut,center,center,unshared
4_12909247,94.6309278802946,4,12909247,GH,haldane,2,mut,center,center,shared
4_13532487,100.842263114173,4,13532487,GH,haldane,2,mut,right_arm,arm,shared
4_15410100,111.118640321074,4,15410100,GH,haldane,2,mut,right_arm,arm,shared
4_15410121,111.1186403709,4,15410121,GH,haldane,2,mut,right_arm,arm,shared
4_16602334,115.264144202927,4,16602334,GH,haldane,2,mut,right_arm,arm,shared
4_16827449,115.264144252986,4,16827449,GH,haldane,2,mut,right_arm,arm,shared
4_16874792,115.264144302812,4,16874792,GH,haldane,2,mut,right_arm,arm,shared
4_17283625,122.765433800872,4,17283625,GH,haldane,2,mut,right_tip,tip,shared
4_17341761,122.765433850931,4,17341761,GH,haldane,2,mut,right_tip,tip,shared
4_17413128,122.76543390099,4,17413128,GH,haldane,2,mut,right_tip,tip,shared
5_1348897,0,5,1348897,GH,haldane,2,mut,left_arm,arm,shared
5_2040937,7.07083807792515,5,2040937,GH,haldane,2,mut,left_arm,arm,shared
5_2582206,8.54914642800577,5,2582206,GH,haldane,2,mut,left_arm,arm,shared
5_2648228,9.27290382259525,5,2648228,GH,haldane,2,mut,left_arm,arm,shared
5_3271567,15.1114184721373,5,3271567,GH,haldane,2,mut,left_arm,arm,shared
5_5394541,30.9066988157574,5,5394541,GH,haldane,2,mut,center,center,shared
5_5601580,30.906698865816,5,5601580,GH,haldane,2,mut,center,center,shared
5_6046042,33.1792667882983,5,6046042,GH,haldane,2,mut,center,center,shared
5_6924545,35.4517731978558,5,6924545,GH,haldane,2,mut,center,center,shared
5_7354179,38.4196891097818,5,7354179,GH,haldane,2,mut,center,center,unshared
5_14381063,117.668908569263,5,14381063,GH,haldane,2,mut,center,center,shared
5_15258947,123.571051800856,5,15258947,GH,haldane,2,mut,center,center,shared
5_15326047,124.202823587228,5,15326047,GH,haldane,2,mut,center,center,shared
5_16217279,124.202823637286,5,16217279,GH,haldane,2,mut,center,center,shared
5_16466574,125.037889080355,5,16466574,GH,haldane,2,mut,center,center,shared
5_16471163,126.119496482424,5,16471163,GH,haldane,2,mut,center,center,shared
5_16606773,126.119496733882,5,16606773,GH,haldane,2,mut,right_arm,arm,shared
5_17338121,126.119496783707,5,17338121,GH,haldane,2,mut,right_arm,arm,shared
5_17338145,126.119496833766,5,17338145,GH,haldane,2,mut,right_arm,arm,shared
5_17367917,126.119496883824,5,17367917,GH,haldane,2,mut,right_arm,arm,shared
5_17372591,126.11949693365,5,17372591,GH,haldane,2,mut,right_arm,arm,shared
5_18076170,127.616341644898,5,18076170,GH,haldane,2,mut,right_arm,arm,unshared
5_18128116,127.616341694957,5,18128116,GH,haldane,2,mut,right_arm,arm,unshared
5_18678268,129.922018606681,5,18678268,GH,haldane,2,mut,right_arm,arm,unshared
5_18895265,129.92201865674,5,18895265,GH,haldane,2,mut,right_arm,arm,shared
5_18972060,129.922018706799,5,18972060,GH,haldane,2,mut,right_arm,arm,unshared
5_19512476,129.922018756857,5,19512476,GH,haldane,2,mut,right_arm,arm,unshared
5_19938887,130.51745723607,5,19938887,GH,haldane,2,mut,right_arm,arm,unshared
6_89076,0,6,89076,GH,haldane,2,mut,left_tip,tip,shared
6_1502703,5.00003807246685e-08,6,1502703,GH,haldane,2,mut,left_arm,arm,shared
6_1918243,1.00000761449337e-07,6,1918243,GH,haldane,2,mut,left_arm,arm,shared
6_5958146,12.8693583318818,6,5958146,GH,haldane,2,mut,center,center,shared
6_5958315,12.8693583818822,6,5958315,GH,haldane,2,mut,center,center,shared
6_5962332,12.8693584318826,6,5962332,GH,haldane,2,mut,center,center,shared
6_9497800,30.3475493317092,6,9497800,GH,haldane,2,mut,center,center,shared
6_10109891,33.8513236540603,6,10109891,GH,haldane,2,mut,center,center,shared
6_10203287,33.8513237040606,6,10203287,GH,haldane,2,mut,center,center,shared
6_11335134,45.5625013256649,6,11335134,GH,haldane,2,mut,center,center,shared
6_11536766,46.7687250667223,6,11536766,GH,haldane,2,mut,center,center,shared
6_12027560,47.7526813667209,6,12027560,GH,haldane,2,mut,center,center,shared
6_13184104,49.7823286725325,6,13184104,GH,haldane,2,mut,center,center,shared
6_14138525,54.4429970051424,6,14138525,GH,haldane,2,mut,right_arm,arm,shared
6_14175317,54.4429970551428,6,14175317,GH,haldane,2,mut,right_arm,arm,shared
6_16709753,58.6993344252551,6,16709753,GH,haldane,2,mut,right_arm,arm,shared
6_17472224,59.4184258798778,6,17472224,GH,haldane,2,mut,right_tip,tip,shared
6_17482572,59.4184259298782,6,17482572,GH,haldane,2,mut,right_tip,tip,shared
6_17529504,59.4184259798785,6,17529504,GH,haldane,2,mut,right_tip,tip,shared
